simulation_year,simulated_raw_mean,simulated_raw_std,simulated_zero_mean,simulated_zero_std,count
1,16.313315177582663,10.268930826465835,16.4933793527253,9.910011072025085,8760
2,16.784518609805335,10.9145039301021,16.972907892563,10.549362674100244,8760
3,17.58738961861419,10.808121738140084,17.726418489190365,10.52766799940506,8760
4,16.369071376326122,10.19389684649353,16.551006446490554,9.813241201327981,8760
5,16.089869592673715,10.498508981375359,16.31071044658411,10.05304985594235,8760
6,16.856733991000535,10.361640902133116,17.038445963811128,9.981718110604223,8760
7,16.991541951267273,11.177189437036162,17.21570012858986,10.736896739263337,8760
8,17.17863662479197,10.8575886765703,17.35118350073517,10.512702927017461,8760
9,16.59593595650732,10.392022635855719,16.766071519196654,10.04544214925178,8760
10,16.446284900161654,10.893046502538542,16.68018642378233,10.426932339652494,8760
11,17.226511107136695,10.799171909147761,17.414409787054712,10.4067461734886,8760
12,16.208492624094358,10.364297214781619,16.36101335733846,10.07144266892282,8760
13,17.244681545357388,10.299370989055275,17.403178508716966,9.964347570451817,8760
14,17.729659459930776,10.931360660808632,17.893952497828636,10.598655334989576,8760
15,16.86232593972136,10.706853980101293,17.074439129990715,10.270199632108685,8760
16,16.864838117415275,10.979524849140235,17.05477236830447,10.616615826864239,8760
17,16.217032978913366,10.849126874841508,16.469341228221467,10.330696021546009,8760
18,17.40009918464065,10.930931312067862,17.61101946423937,10.489772966896718,8760
19,17.131466089556852,10.781638393017323,17.318755250391078,10.392399912139073,8760
20,16.304607669560422,10.439337893307348,16.50576474270762,10.032309604406722,8760
21,17.568190103517697,10.837249373558807,17.769969683008338,10.393256250205932,8760
22,16.395470378695542,10.905490222659699,16.64005168972355,10.425998253969638,8760
23,16.396341749022614,10.796854882489702,16.642266406041095,10.28197496637035,8760
24,16.545030155045914,10.758087538048436,16.730231170064474,10.405511070127746,8760
25,16.836655866367618,10.927236507776184,17.023033332140784,10.570195020697899,8760
26,16.483075373354303,10.889624680946158,16.74137510525038,10.362005442057937,8760
27,17.627399187408994,10.516556382360958,17.74678660470216,10.268468677727967,8760
28,16.76904160663928,10.48085173380878,16.989163512868444,9.99560588709674,8760
29,17.654315913730684,10.949191598839741,17.852723934900478,10.54399651436881,8760
30,16.853899770124926,10.338133638080173,16.992612278497376,10.056433924473259,8760
31,16.30063246703941,10.74584529708337,16.485275225318667,10.388557263270048,8760
32,16.948647488995377,11.25357739436066,17.185116352097925,10.795377920886942,8760
33,16.864984350386706,11.116737020014348,17.06474423234149,10.72664682333493,8760
34,16.985263883811744,10.742249178142135,17.152063946955824,10.420536083793372,8760
35,16.42288117600346,10.654122883201731,16.632334237194105,10.230411578838096,8760
36,17.036217742065634,10.63856346429014,17.19632011160675,10.32501287361645,8760
37,17.253003689775436,11.035513280634818,17.487215294953703,10.557006347109228,8760
38,17.451964584335403,11.12251415224356,17.627501571995158,10.773437934487067,8760
39,17.488360368236908,11.116629891742907,17.643970741228102,10.808969730510956,8760
40,16.68984944305312,10.654580439749255,16.919736727824183,10.187197107802985,8760
41,15.925391737683,10.247447095563032,16.100357785608225,9.908527600540696,8760
42,16.331247134855627,10.734326676051502,16.53477756429964,10.342509821732458,8760
43,15.480085604904414,10.482795774606274,15.731167809624464,9.993426448306261,8760
44,16.89371808405263,10.978622723700326,17.084530498603982,10.604705450763454,8760
45,16.93269841874137,10.437878193750356,17.097184028318395,10.108455655494105,8760
46,16.65442253901235,10.52318231155941,16.822939240352213,10.190505399685048,8760
47,17.036582825042316,10.335467637498622,17.222952695603624,9.950110277749067,8760
48,16.349743128185207,11.080905810959718,16.618445826082645,10.55489795849783,8760
49,16.993404974610947,10.593819840148484,17.162612388418342,10.253387763075153,8760
50,16.301360210976867,10.638965936974174,16.487190016511327,10.276986240917285,8760
51,17.2324168763572,10.64170482199679,17.412149857905124,10.260522313120171,8760
52,16.849132857197485,10.786772944685179,17.001612434870662,10.49415686029765,8760
53,16.84409954771796,10.7607024722838,17.0235334574296,10.40962375039928,8760
54,16.18053389154464,10.3775575216194,16.39812200276599,9.930894030324326,8760
55,16.1499176491241,10.834957333807028,16.45756198487498,10.210173668783415,8760
56,16.566633540554726,10.41814235908761,16.768368419771456,10.008992771919502,8760
57,16.64518576624275,10.319249731952358,16.848435602244024,9.877344088426796,8760
58,17.358622846267412,10.69319307189809,17.515992749437892,10.372167634446019,8760
59,16.8122061165463,10.503903641494801,16.958047160381604,10.216871548034122,8760
60,16.576574467233577,10.905616873697934,16.797107292405386,10.476314228456888,8760
61,16.973212776655707,10.541657553965347,17.15699416268031,10.16040393803871,8760
62,16.95936063210032,10.668365707335436,17.148164674732197,10.291002626283888,8760
63,16.977362150836584,10.474631900667129,17.13835196486777,10.146685271836777,8760
64,16.355072765244653,11.167228930729912,16.59503182098381,10.713917379500591,8760
65,16.427660186934983,10.385514192820281,16.599674988939462,10.034426384831296,8760
66,16.54129252133575,10.828312516645989,16.77273900199582,10.363940617034872,8760
67,16.5509176980564,10.940196580597638,16.77380047266885,10.499456407744644,8760
68,17.109396732819867,10.66506895241633,17.272393521699478,10.332957727952754,8760
69,17.398520942377502,10.844353307412915,17.566851292916976,10.50252775774531,8760
70,16.635673943650648,10.542182742735676,16.821665262127613,10.176813654262489,8760
71,16.3720427184477,11.119685715073793,16.613213888978127,10.654170885407293,8760
72,16.40502469089911,10.923125487376558,16.60555929911784,10.540347417883533,8760
73,16.375577090071616,10.39227406138521,16.598726029008446,9.936036635882155,8760
74,16.54469781902177,10.769920086608048,16.75054347931456,10.36383108386409,8760
75,16.64392687810445,10.97377503416302,16.84791911697936,10.57204413646082,8760
76,16.87754971288467,10.751306363351562,17.065917448295743,10.372357975723395,8760
77,16.711598938970585,10.588404934834443,16.895750961030608,10.230485256742833,8760
78,17.4994213974512,11.296041184614603,17.687355932460036,10.93496664415229,8760
79,17.027747269584346,10.898927378311791,17.205046808923598,10.551216319969793,8760
80,17.62655852814433,10.642868285668637,17.783577659020004,10.3139084291481,8760
81,17.31106359776774,11.22560163499065,17.52433473461687,10.809360719881397,8760
82,17.357532148085944,10.875296187648184,17.50722267883638,10.569609487105987,8760
83,17.15499855106386,10.963847001069889,17.36687278210519,10.523705127443108,8760
84,16.39862134685619,10.38278438448323,16.55977521706488,10.062937415445752,8760
85,17.085722544649624,11.012608988352978,17.287733099552064,10.608919164738845,8760
86,16.887715498777233,10.912078112682092,17.07234148326485,10.554656465671975,8760
87,16.3438755738869,10.705827096622938,16.59990712622147,10.182148612723301,8760
88,15.957780485809103,10.609040739800795,16.172596172398567,10.18801686236537,8760
89,17.38287319998177,10.411813247857978,17.5133415248438,10.142197891596847,8760
90,17.171109968129333,10.581698546704477,17.323677866430536,10.265104137025325,8760
91,16.446507152201047,10.383866941412654,16.648704301961278,9.974857234441396,8760
92,16.509978304630387,10.563079863515652,16.678153796624645,10.237362459378918,8760
93,16.78919209552101,11.15062796848606,17.048037297242526,10.619986908793386,8760
94,16.33287549478455,10.490954373889064,16.504167006844156,10.15189098120936,8760
95,15.689997772727969,10.659867126900634,15.930289411047559,10.196068374554693,8760
96,16.49765438344957,10.944541721581604,16.7020197087816,10.54949376379914,8760
97,16.929349604673764,10.61446480183482,17.095452687475937,10.271992487726585,8760
98,17.213475848337424,10.61134012625427,17.35677922781181,10.319528571880586,8760
99,17.509758201940066,10.649647240727932,17.637218523077312,10.397323520015126,8760
100,16.99383793641156,10.636088449071877,17.172479532445273,10.275567640599615,8760
101,16.766461827023686,10.933245023356728,16.973079146692445,10.528503732138063,8760
102,16.862776534500174,10.804328665630301,17.0712166388046,10.390839569521054,8760
103,17.035999331163765,10.697694075017017,17.229188693141882,10.310523732360652,8760
104,17.000776609130607,10.33753564503637,17.17313175117433,9.967968742336861,8760
105,16.64626891417775,10.56731940264039,16.878624617644878,10.081982316832256,8760
106,17.393813479211033,10.628764001907644,17.536751987007047,10.33755640060372,8760
107,16.663476068836996,10.711633698915515,16.86350152641478,10.315118267729856,8760
108,16.590891560197047,10.415646314998211,16.758512950575437,10.07798030537355,8760
109,15.662958630509346,10.63055284373394,15.899729827491042,10.183256146327789,8760
110,17.26434840445847,10.804123781350714,17.436722811757324,10.452910894876275,8760
111,16.99619050226698,11.318894371392032,17.198058562997524,10.9305711339474,8760
112,16.86389403190036,11.316872539821698,17.098709082338075,10.848991799618714,8760
113,15.977420560875206,10.378099288898087,16.166661554977342,10.00342537473479,8760
114,16.35659205436613,10.849103627185436,16.57376757083014,10.424110441115882,8760
115,17.04151300646622,10.998108707820899,17.256647893166708,10.565859415184384,8760
116,16.10324562954389,10.863056477677512,16.312969128354105,10.47694669627393,8760
117,16.947293490657746,10.822278597357817,17.147436571538048,10.420955646840548,8760
118,17.119553834079124,11.038120826237048,17.35216108355239,10.564324656393362,8760
119,16.846478884245908,10.413715876918266,17.000877252362802,10.10308089490932,8760
120,16.828113646430843,10.597400856028086,16.987429608797772,10.280757478881593,8760
121,16.62840857237496,10.59873888323114,16.802166374265394,10.252792782162587,8760
122,16.596525948386564,10.709206035412562,16.811204958729817,10.278140954329121,8760
123,16.44128955756472,10.67339123424426,16.663269286420682,10.229942951743864,8760
124,16.7966242782066,10.601640390809061,16.98106015194828,10.229115982943533,8760
125,16.572859282731784,10.925174248297928,16.778559537544943,10.5215760075724,8760
126,17.254010090125266,11.012177593954046,17.456598242516254,10.602351571244931,8760
127,17.47597021942768,10.603240151264387,17.627055944967037,10.2774515845825,8760
128,17.058854249801918,11.204695516492663,17.236874171728534,10.863274810426558,8760
129,17.366493117100617,10.978071859921975,17.568962304411794,10.569220726060676,8760
130,16.49904063974667,11.201899974663128,16.76949437032492,10.675080388661543,8760
131,17.238287767652263,10.774117607539381,17.412499261741157,10.433518472024463,8760
132,17.06278203842123,10.385329240449279,17.24083233738672,10.010883547172767,8760
133,16.949419775402106,10.665049830193436,17.123206810930846,10.318250261942959,8760
134,17.012137401147648,10.787001623348015,17.18877666191866,10.440223018724623,8760
135,16.07203688901352,10.360315264627891,16.313268980872703,9.863355621085795,8760
136,16.988817162790617,10.485496507204969,17.1476425731237,10.167070725109557,8760
137,16.219090699607715,11.037287495971356,16.46988043388932,10.56581739925924,8760
138,16.999750152776958,10.761918361666087,17.18134666248336,10.388687518787435,8760
139,15.797236490964114,10.449131554473711,15.978041920981328,10.103294435837826,8760
140,16.42598007005541,11.287222425247029,16.654063396252955,10.860682775622221,8760
141,17.30342083805817,10.68963239466208,17.463843418685116,10.370378608468096,8760
142,17.24585867012937,11.025373830010357,17.428371667147438,10.669831844883833,8760
143,17.02378163787608,10.746878088196963,17.21954241884609,10.346298316949824,8760
144,17.027677915880158,10.684538883904432,17.199936824800112,10.342947358405853,8760
145,16.960044235540433,10.81744680176551,17.124285048328453,10.496299106497906,8760
146,17.17312960889023,10.899358087146467,17.330255770538276,10.59690283242071,8760
147,16.18674673548639,10.339538850661768,16.37259431153856,9.965221885324492,8760
148,16.57233799175053,10.806572207198771,16.79064648579171,10.376546471661165,8760
149,17.50471756392374,10.777729287551034,17.656037528550513,10.471014955537319,8760
150,17.324744583091785,11.05492521041933,17.53374399533266,10.643911497842252,8760
151,16.857911853815132,11.014369658353008,17.098902239565966,10.518248158716757,8760
152,16.687190805269342,10.831104162174189,16.868125630353106,10.483464648997916,8760
153,17.16535359827659,10.981941602337123,17.352011542140946,10.605219621383098,8760
154,15.633264425175478,10.893924367198013,15.906276696304012,10.376162060546683,8760
155,17.15395862385632,11.29485117208125,17.34529736826439,10.911578441339294,8760
156,16.52019032873511,11.281087901982513,16.75111885461858,10.854789336766853,8760
157,17.11086789593568,10.528975340003923,17.27557187646695,10.197004982926424,8760
158,16.926063459303908,10.694345518121493,17.082233959058648,10.386844811992137,8760
159,16.793825773905976,10.86791590060145,16.995140235205973,10.455477439399269,8760
160,17.017332618902422,11.030136937948445,17.240970144400837,10.56781896519622,8760
161,16.174686101078457,10.7139157576395,16.38990304013824,10.293907842065247,8760
162,17.32633736321551,10.997234152937668,17.53074708856508,10.58513193150761,8760
163,16.45171965835114,10.6193751167097,16.65683317593867,10.214533130805982,8760
164,17.104910279194158,10.51343801965516,17.27031155850645,10.170034926956507,8760
165,16.98915191963249,10.95817515994739,17.172078211899358,10.60136810839728,8760
166,16.65410227352181,11.014028915984685,16.879499952044085,10.568033154553857,8760
167,17.415420112433925,11.337580766339938,17.56566063162702,11.053377654886939,8760
168,16.193755639914535,10.516469630057276,16.393316116305613,10.12841846642766,8760
169,16.323607897835693,10.88573038446439,16.57183009601592,10.399356313947127,8760
170,16.989360453852626,10.304105260722178,17.133356425827724,10.013470352799793,8760
171,16.77394929258829,11.084781579792761,16.992647771385816,10.658978561661574,8760
172,16.5401655496793,10.466500777028564,16.722753270287196,10.10097263969255,8760
173,16.71991086873978,10.718525043972415,16.9231869335873,10.311661661948076,8760
174,16.286441450154825,11.16231182558901,16.530640497669854,10.697314704035252,8760
175,16.630504641164524,10.910548620907974,16.848479668827434,10.476130062810123,8760
176,16.892705465540697,10.669296527001944,17.06672114191253,10.327802559313998,8760
177,16.706252257451062,10.627688174397324,16.868928068836496,10.305961382195818,8760
178,16.343977285327185,10.310047887157312,16.54069793701948,9.912622982130387,8760
179,16.496318323631048,10.718198475734718,16.74864379832997,10.208733307440577,8760
180,16.483995976067636,11.41321715597672,16.723845213249295,10.964850036114612,8760
181,17.007599977204336,10.956197265401997,17.177408242032662,10.618979783271422,8760
182,17.311260319865152,11.37983545329886,17.489595687684968,11.036236455336736,8760
183,17.42911211081005,10.418261766710115,17.591291453700563,10.064786005851118,8760
184,16.964468935514706,11.149178315265043,17.191100393970157,10.711039423015908,8760
185,16.67967824990181,11.292644661995572,16.936694058490524,10.78415727660396,8760
186,17.032525004990536,10.66742776419398,17.23692248783499,10.240615399256214,8760
187,16.716691703490472,10.763455870020135,16.900763524896487,10.404188692162702,8760
188,17.051019543806746,10.959840190889572,17.270958317467596,10.525895715001193,8760
189,16.76016093776653,10.134553595729638,16.919011621927897,9.794052214480221,8760
190,16.766210812889046,10.492976249191498,16.920632077999688,10.183481195250286,8760
191,16.68622336555924,10.794975273885038,16.879759516737607,10.420562332796873,8760
192,15.760240152573962,10.633925390465343,16.029324170979688,10.101151959123525,8760
193,16.82444934687151,10.958013685727568,17.059477516125106,10.50354252537896,8760
194,17.136046843697812,11.042600313259577,17.333922402085943,10.651048132063961,8760
195,16.295536990354137,10.815455768097312,16.557586513052364,10.296351104478457,8760
196,17.48648567357465,10.932376130283972,17.637964592188055,10.633924688608408,8760
197,17.239393697706653,10.779845060029634,17.40989022588033,10.433387991050703,8760
198,16.28735397774425,10.855510401774227,16.51184512647995,10.430759728447397,8760
199,16.008836499167767,10.576324683828833,16.23787105505563,10.130769565042769,8760
200,17.28866349883843,11.208048205182365,17.47546968127003,10.824798125519978,8760
201,16.979256979860892,10.948810548932203,17.20337349909293,10.498304646287483,8760
202,16.764281434501164,10.99082378497879,16.98400518950381,10.551078584020367,8760
203,15.998316629193932,10.603887721903861,16.222342504659,10.169779362821886,8760
204,16.80817124701946,10.907432633818768,16.995504615958218,10.53472468805234,8760
205,17.195644412042654,10.582495960848522,17.359697215640672,10.247990060633732,8760
206,17.13848276968649,10.475770383295831,17.33090674397464,10.065759326909598,8760
207,16.82053979663895,10.627285163262927,17.00493447582468,10.257446198397238,8760
208,16.992899382886826,10.518195123748894,17.185206671097838,10.11478456676878,8760
209,16.972092165658697,11.212686240646898,17.146873088961588,10.880519255235326,8760
210,16.809177856735133,10.175630447436323,16.970272294158068,9.846056877733526,8760
211,16.67173278637048,10.86045201873546,16.847640047336235,10.526348277528848,8760
212,16.801932717908695,10.7037366391909,16.957197949948416,10.400554835391935,8760
213,15.989237925460754,10.772391328848657,16.215465124798055,10.335627643941045,8760
214,16.302038715797906,10.841088686320527,16.543104650955467,10.36833142149447,8760
215,16.94334474187551,10.295148517969356,17.104606048112178,9.958431518096305,8760
216,17.354426248149792,10.698596768079408,17.516799215657294,10.372803133357257,8760
217,16.457706181467522,10.51606214260535,16.64739526125843,10.139854356392318,8760
218,16.162468457871928,10.539937627990764,16.384767636152603,10.086944725533318,8760
219,17.870261193253626,10.536304165966458,17.98367520559912,10.298980359848278,8760
220,16.526558473404016,11.283502784162046,16.859229319181974,10.619667306377172,8760
221,16.67096164773798,11.07316015138525,16.905801098008162,10.609946168645344,8760
222,17.44913105240981,10.929120332544732,17.627351366806884,10.574348042011854,8760
223,17.260641220737927,10.898599331289898,17.451720615635747,10.516298815797608,8760
224,16.601037104837594,10.774959909787865,16.776371069143657,10.436690193771454,8760
225,16.29054371501114,10.189963782789135,16.48086262409362,9.785383578981792,8760
226,17.62180163700357,10.48359292688894,17.76674713041519,10.178946736746985,8760
227,16.820490805911557,10.541542805629788,16.98145740746521,10.220774993330577,8760
228,16.537526994734858,10.532737500916136,16.705588743012896,10.20657305413957,8760
229,16.6827814508363,10.667566767128687,16.87662542246829,10.280282055269865,8760
230,16.123055174491117,10.381969949117414,16.378304566455515,9.840017814529654,8760
231,16.80413581939668,10.676584762706787,16.98686231191095,10.300734203063717,8760
232,18.181428022158812,11.046421224381156,18.34594566465451,10.70266502847231,8760
233,16.325777107042796,11.241305606282896,16.567604965083866,10.782246089345234,8760
234,17.587631229559083,11.120805643788309,17.779671346176176,10.72630521101367,8760
235,16.223970921528597,10.996879851368965,16.452367210102988,10.558515188126982,8760
236,17.148675873154144,10.691118969804876,17.327578932559803,10.330073710289735,8760
237,17.28343673260622,10.658679595161626,17.44794646829556,10.328580549051463,8760
238,16.863135110911806,11.22752802092696,17.057416383158323,10.854783784337114,8760
239,16.459665764263214,10.429852054049443,16.6192520907302,10.11863063264504,8760
240,16.893151476948372,11.029342955840846,17.105848098050892,10.60973146326868,8760
241,16.520491387224226,10.536897633890558,16.745460844465978,10.070203622619944,8760
242,17.012100791465393,10.75653955507094,17.181515931746933,10.420127848727498,8760
243,17.03423092664462,11.351359703319368,17.258537644706255,10.912930650669365,8760
244,17.06394625028643,10.79073865928995,17.228038666544744,10.464220436119621,8760
245,16.65373687278053,10.973406728534371,16.891699081952552,10.504437836090514,8760
246,16.79743469621167,10.741272275027729,16.985621657794773,10.363048843002641,8760
247,17.76072333491322,11.061097095544106,17.930832411794587,10.711990502657148,8760
248,16.57358985477401,10.454540511839479,16.735225141350348,10.131907318529905,8760
249,16.44937160140753,10.652066931187742,16.671174967636656,10.213124154016613,8760
250,17.05744879748056,10.75968021401812,17.235994515347056,10.405802228623399,8760
251,16.611691390259843,10.473244083283188,16.833552354240666,10.002021417441632,8760
252,16.646757540874443,11.078688188947492,16.84487438171681,10.702260046802055,8760
253,17.00641828804937,10.913801563261098,17.191355129634058,10.548466205320556,8760
254,16.767150037954618,10.983236460839754,16.98901499741383,10.543443848754038,8760
255,16.741401888177013,10.873220846264468,16.941846167487842,10.48316987075817,8760
256,16.89161965701355,10.964590766316618,17.061189833478373,10.63456469051877,8760
257,17.3874138329671,10.762183297782046,17.530470489163914,10.4815696680917,8760
258,16.86377190057951,10.864925547757037,17.082272811193807,10.43347678753281,8760
259,16.721471558593947,10.680501074795664,16.911884029380094,10.303873393455573,8760
260,16.821582647193544,11.215606446934702,17.016699034172404,10.84745636810148,8760
261,16.57946196919302,10.388901681257888,16.753894611175017,10.039574274101547,8760
262,16.592608782190833,10.881551797849356,16.760742587731112,10.563802014305432,8760
263,16.930479775912215,10.740737405999099,17.11620534357996,10.366016091046108,8760
264,16.932751010544123,10.776319430740593,17.086782740049692,10.479891863026756,8760
265,17.305679888287056,10.556335362294606,17.51135618441845,10.084866088078998,8760
266,16.217431671058055,10.433581844391794,16.425015691831206,10.012632939219294,8760
267,16.408979435273825,10.482291785524012,16.584225611113656,10.141028545543076,8760
268,16.72941055488729,10.704478568406628,16.937208528488924,10.290715344312447,8760
269,16.997637852326676,11.08755739864626,17.174521968856144,10.751901310066781,8760
270,16.687681152544567,10.945073719480106,16.937059374174463,10.43908561484933,8760
271,16.615060803006525,11.207006272922227,16.858878649085284,10.733914406519204,8760
272,16.2102232787018,10.921153438291205,16.464714206284604,10.42111561214334,8760
273,16.24034797708044,10.73857653244533,16.456666431635153,10.327354361721225,8760
274,15.915246910521516,10.868811172320168,16.202004334099275,10.305193332243745,8760
275,16.961870406667607,10.910717910002308,17.107115814282377,10.63253720513213,8760
276,16.879702171479448,10.779330179472131,17.060308205485935,10.39781905638834,8760
277,17.178681272055588,10.560301836028188,17.32780994317318,10.261159796818903,8760
278,15.948787796746698,10.397271372256752,16.170095937067387,9.962341365007026,8760
279,16.540476333346366,10.547062351792409,16.725400095825588,10.15811659661146,8760
280,16.872396990394023,10.839293012912819,17.0694446140779,10.436661841702502,8760
281,16.38214451476402,10.931419264614247,16.620398004474122,10.482375726708826,8760
282,16.50295728437339,10.390855270117262,16.66976775827171,10.049834785734276,8760
283,17.362359297891654,10.625482234193585,17.520951034184833,10.29598838855185,8760
284,16.776611718992495,10.447101184061472,16.985223696090465,10.00944202947606,8760
285,17.20093765168844,10.654509854100155,17.35297539112731,10.351419002556199,8760
286,16.628962665020126,10.718005752157731,16.80524980198844,10.37379997783691,8760
287,16.576523003541844,10.558395650338701,16.778928681911427,10.149785298244096,8760
288,16.08725514073681,11.022476474558816,16.343943926100433,10.536014414604638,8760
289,15.99057724104073,10.229824709168206,16.202268892000756,9.792601683748197,8760
290,16.74014194463981,10.914869323242403,16.968353712298175,10.448264964570773,8760
291,16.1592242586192,10.914630440167715,16.412237383744873,10.428528738522488,8760
292,17.272518424047032,11.313733136264412,17.482741642307737,10.895326115952864,8760
293,17.164879905114717,10.541170395536652,17.2979655361893,10.27873271816679,8760
294,16.707835376866065,10.575430045878694,16.92892465781371,10.116271120572776,8760
295,16.276215211959975,11.002294663019478,16.48955869407991,10.603010266503606,8760
296,16.725495069102607,10.497058134595555,16.868035527967645,10.219341762127536,8760
297,17.887575139018946,11.000706014081453,18.026307548191276,10.70004946520071,8760
298,16.707731755925256,10.792579207835848,16.89517744545223,10.419948845788369,8760
299,15.555850968666578,10.62047868886034,15.79155244131484,10.163813693432042,8760
300,16.717953055407143,10.725511255498953,16.956016090944857,10.236469067749452,8760
301,17.325634509153375,11.142970660677374,17.546939580333113,10.694971602749265,8760
302,16.974262605597797,10.523292175165528,17.13290773146625,10.200712966520568,8760
303,17.478381190961805,10.661928110219232,17.668070042794998,10.261236566456327,8760
304,16.698978814975643,10.791486473806104,16.88262402351012,10.437667787047465,8760
305,17.687722032938296,10.77258232044736,17.844570770383353,10.449367562669474,8760
306,16.661177683890998,10.779898247806628,16.88466194008331,10.338412505336107,8760
307,16.984814200927257,11.168535348663774,17.21137758312322,10.725106639770267,8760
308,16.866023179464904,10.86030226606325,17.05820740405473,10.485147411921705,8760
309,17.054158534259912,10.61497520327314,17.217624133141836,10.28480676981479,8760
310,16.78244275056104,10.833134804839569,17.034705885001927,10.318937626513037,8760
311,15.617889058233756,10.687937338439223,15.864738095118543,10.198187851198528,8760
312,16.60788767850219,10.617812688899319,16.835976037353717,10.160176705611983,8760
313,17.650523760589557,10.817050496460329,17.792510075647847,10.528836309660912,8760
314,16.56340564387824,10.89149863287283,16.746343500686724,10.523042176573506,8760
315,17.2006684143065,10.606446660270715,17.345574251946317,10.318694382252136,8760
316,16.81532039544124,10.549076474583295,17.012932709581833,10.151310698210999,8760
317,16.672395260465432,10.976254464887298,16.868396412497813,10.599092299528634,8760
318,16.395189423404535,10.882925925086152,16.652539121544443,10.352617821270062,8760
319,16.739428123363748,10.702570602019357,16.945621777511104,10.288824423397916,8760
320,16.646940841034247,10.871333434003843,16.848846066957442,10.48058503845952,8760
321,16.55757361453151,11.319088347354109,16.824066979975555,10.805003003551429,8760
322,16.07941289657644,10.38561672942287,16.321395882057946,9.891181371445636,8760
323,16.531307592444087,10.590606405649014,16.696087920933746,10.275923042188229,8760
324,17.40949662031468,11.348425161710722,17.603510301322263,10.970131266139449,8760
325,16.80406686320306,10.725464704335655,17.0092917893255,10.318113724151088,8760
326,16.73454904453558,10.73465671451163,16.941169344303397,10.317465514514447,8760
327,16.988777916721105,10.86249565504713,17.14815070136252,10.550944705805758,8760
328,16.824283815285913,10.80475709033422,17.006406763684467,10.453549437026844,8760
329,16.83483169844567,10.650425706317893,17.010103677442657,10.305690760455436,8760
330,15.748794897132525,10.898664405410432,16.058521079868097,10.310017861347191,8760
331,16.103755617246964,10.533734921735938,16.35214071792999,10.030037711895641,8760
332,17.004244820123905,10.618141916619738,17.195055944093653,10.22793701797283,8760
333,16.430132023428342,10.373068374211446,16.622055783428983,9.993089110626702,8760
334,16.613668634678756,10.948391171584435,16.801216794249658,10.579881435245325,8760
335,16.759394812814797,10.530722866281689,16.945207875686204,10.152712003296879,8760
336,17.283734505118566,10.71033216807063,17.450449139479467,10.363417312218296,8760
337,16.320649860675545,11.067175060861446,16.54933016532011,10.632352728532974,8760
338,16.994979923143315,10.485518274637494,17.157144413368577,10.153254580745605,8760
339,16.969999070021906,10.89780082059798,17.165702064760268,10.500290125736285,8760
340,16.608177882680327,10.940338019285946,16.826807626378095,10.508936576234904,8760
341,15.531668751036749,10.854436101337232,15.864409831534637,10.192372159310802,8760
342,17.18162603445082,10.871852761005295,17.352712098481174,10.534358288861943,8760
343,15.578216669631425,9.87411123966073,15.764653170129195,9.496446025673105,8760
344,16.218068761891402,10.808561186789468,16.45208415742568,10.35443230689574,8760
345,17.025466854633635,10.480635015920525,17.178176478980998,10.170839290362055,8760
346,17.126976675077202,10.664302795752768,17.27392808638813,10.377252491593524,8760
347,16.94236571005963,10.281498597651073,17.066783833451527,10.022242595157122,8760
348,17.447966156531926,10.589382431575281,17.596218908348785,10.280758868751654,8760
349,16.81054641150986,10.438175806036279,16.977862651901184,10.089804031724643,8760
350,17.250512460786382,10.77540252295651,17.403365292283127,10.475395097858001,8760
351,17.11641019005591,10.732553508756991,17.299062353139448,10.366771866552378,8760
352,17.16726975121267,10.760926305140751,17.363159738552383,10.372875263318289,8760
353,16.553763857016747,10.413391491842528,16.73471904467998,10.047830076716538,8760
354,18.01015810770439,10.968031409940258,18.13319789516981,10.722863025176936,8760
355,16.903291778130452,10.467216004632242,17.07132776364084,10.120440364310127,8760
356,17.09407325790875,11.074689981599809,17.306842057493945,10.64299787493022,8760
357,16.935591702065107,10.783765854411234,17.091309842153336,10.485264937818958,8760
358,16.46305779281131,10.586635972744727,16.65624968234534,10.204091076549231,8760
359,16.668858729216765,10.778674617881968,16.843121642281886,10.43265250017671,8760
360,17.155470529468058,10.747120624904813,17.362620429773216,10.318943246129987,8760
361,17.053107034794227,10.834200804419035,17.258327085705503,10.412426036863586,8760
362,17.4445954849118,10.698539684133259,17.583431640293824,10.42109792949386,8760
363,16.20323204463729,11.084560479662956,16.41987861519278,10.671708630247664,8760
364,16.31793611494811,10.639961491212615,16.544636551580492,10.183002980429665,8760
365,17.14604654620563,10.786597177191862,17.33972389591869,10.390351024462841,8760
366,16.441646241168307,10.295034507527687,16.60389741978233,9.974849768261416,8760
367,17.211521744638368,10.992280761406288,17.43646388555416,10.533348406090798,8760
368,16.93793068831034,10.851881158393432,17.13696497999502,10.449372455226829,8760
369,16.679902256035103,10.943073667014966,16.882938303303984,10.542600781718702,8760
370,16.611826734482364,10.657303996968174,16.798240069620412,10.29004882039524,8760
371,17.103315556902004,10.726193841262635,17.297616655037196,10.329316508444403,8760
372,16.5404947848054,10.769610220280736,16.74284895740793,10.376484261322743,8760
373,16.715928927189992,10.268824116949723,16.9051590934452,9.876400382320174,8760
374,16.33181731370572,10.926894380668376,16.55166922408355,10.48320881593702,8760
375,16.649461496936567,11.079441867301023,16.91206570944234,10.522428966952546,8760
376,17.136763577061906,10.867091398242836,17.304966628128604,10.537025680278498,8760
377,16.524508024906893,10.154734148535871,16.697875859928057,9.802476724475161,8760
378,17.26543558128103,10.849755337993184,17.436515598681513,10.507097987663412,8760
379,16.837020072559575,10.950532691855585,17.107002818930045,10.39339001239446,8760
380,17.29048939034949,10.81182186924857,17.47519565378236,10.428087926973776,8760
381,17.15407692117878,10.752898466518705,17.316122605966243,10.427430941284435,8760
382,16.334238728136157,10.898120822954276,16.548707700099126,10.488482250270032,8760
383,17.182261272538604,10.65595193909538,17.3346853631993,10.347504555100803,8760
384,17.172078399662805,11.131748400899053,17.40010758611751,10.675976273400675,8760
385,16.608662531312717,11.013687347764073,16.855272738569823,10.52359390733072,8760
386,16.817951650418827,10.775787063071856,17.00858719402948,10.396096360425403,8760
387,17.286980143023673,10.819777499063502,17.41382757576819,10.576485688710667,8760
388,16.70388119640333,10.649613139611619,16.884294502601612,10.28514748438613,8760
389,17.37079127189218,11.014077504274322,17.52028421984192,10.723844506547373,8760
390,16.840118699690574,10.830567502199072,16.99460505430095,10.530896316198389,8760
391,16.957646268536404,10.738155793271753,17.176577151752884,10.275019787836358,8760
392,16.526383710682403,10.821334281766152,16.73037686388755,10.415821538318873,8760
393,16.717328366850964,10.745846811255632,16.897295285962286,10.390844598437875,8760
394,16.203388749547276,10.916730569404638,16.429818655072474,10.487869461375452,8760
395,16.45195597661188,10.7326994671376,16.63288257839532,10.37337684706396,8760
396,16.984299573983503,11.075693045435184,17.189301188345347,10.682106879113553,8760
397,16.619983599260856,10.603084124364745,16.835056484031096,10.161442220611113,8760
398,16.51056357673777,10.95512444973381,16.728312943039857,10.537659590980262,8760
399,16.745391575008064,10.877339732696843,16.941099457610353,10.493191544346438,8760
400,17.344563426638988,10.405738529454501,17.49408198557157,10.098278965164523,8760
401,16.954732770842973,10.58212450295068,17.131739521334307,10.221223204736617,8760
402,17.310134883465395,10.534101137788836,17.445293830237123,10.248739258360695,8760
403,16.74079196124522,10.74910774818108,16.89088414312224,10.461084498973241,8760
404,16.679626543921913,10.689274167309664,16.872278643053605,10.309232582571958,8760
405,16.553929937293685,10.537245315490914,16.758726519825235,10.132963115669074,8760
406,16.552213036040268,11.102932270670214,16.751896205845057,10.728455338904979,8760
407,16.55705658735677,10.766786663874637,16.740325119467983,10.400989455547242,8760
408,17.095474974900117,10.519499662475267,17.251807230803156,10.202642747583113,8760
409,16.43436071237656,10.813441937173048,16.683371073536783,10.294504840191223,8760
410,16.65852576430735,10.634223870516953,16.88063037081495,10.177098119675419,8760
411,16.96478831072346,10.651820776467403,17.180043042109897,10.207371200525461,8760
412,16.524368252835583,11.074250401254329,16.716329977479848,10.710125443623172,8760
413,16.635260433230968,10.669168971853585,16.852396797421846,10.22771461992016,8760
414,16.227390893701532,10.576982876839466,16.4346621219111,10.168258347818067,8760
415,16.56473554151136,11.242098574158614,16.85142593575611,10.67477834020474,8760
416,16.521040714002886,10.817927737225409,16.736387574149003,10.400237878319121,8760
417,16.497657750811754,10.665418888293093,16.703077227430047,10.268936073104728,8760
418,16.749734554943675,10.651155085914102,16.932543092945604,10.291294588398639,8760
419,16.723413721842554,11.038457313579134,16.93569178611817,10.620914784316298,8760
420,17.058184976092395,10.705431914113278,17.225217310091676,10.370607799150587,8760
421,16.52014660315493,10.67218370846882,16.698158349153218,10.31650311313255,8760
422,16.88356518182092,10.685753660114639,17.0376510759179,10.390206099390664,8760
423,17.3239646576139,10.572451321851199,17.49016019831322,10.218305238067439,8760
424,16.579304867522193,10.860768525932512,16.786674823611204,10.458374414641293,8760
425,16.791210847000173,11.25186060561651,17.032032978475748,10.776716383728829,8760
426,16.247308502452025,10.261344780932992,16.469253513499314,9.777057644655722,8760
427,17.51123986876913,10.501833141827388,17.643716446817667,10.22200308335987,8760
428,16.49430465484732,10.51711480008059,16.707801138474974,10.075812565282394,8760
429,17.83304163407186,10.964150156937324,18.004761233842377,10.607353273947588,8760
430,16.69110386038263,10.821387134013287,16.930093757903375,10.329039778557323,8760
431,17.4031165839876,10.632632768129357,17.555434681295186,10.321441475223123,8760
432,15.872452530858034,10.747375383399381,16.11721123536806,10.283833293432837,8760
433,16.32310837886097,10.28030534417738,16.485550345355232,9.959149177113785,8760
434,16.907731671800356,11.078038936849323,17.083905061405435,10.742969016619677,8760
435,16.970527690761266,11.32363500843086,17.19169679975145,10.887279556933029,8760
436,16.292263669922153,10.5634631347755,16.494496781914613,10.16794136779543,8760
437,17.172107801435484,10.748310033313853,17.329126147410374,10.429658421412697,8760
438,17.488421034196424,11.648261210229098,17.705254098723877,11.233199550623382,8760
439,16.626876489131103,10.692204496901233,16.818164830077983,10.315153440587432,8760
440,17.20847287742005,10.373457243571986,17.344190447307373,10.079849144811378,8760
441,16.85913759713459,10.82189154833405,17.021125284103395,10.510849271406334,8760
442,16.95583331328252,10.77510974113892,17.124747434849493,10.44611637813577,8760
443,17.04011438013525,10.799653980781475,17.223321457926197,10.436730207946903,8760
444,16.519760362201108,10.820897489020819,16.78024375203839,10.259105437247008,8760
445,16.895845457803482,10.85121247905627,17.086010124524172,10.480327838218178,8760
446,16.525721408422633,10.599041415172927,16.71663739900438,10.222100819935081,8760
447,16.393714952983768,10.56430400122852,16.598917751494238,10.159974901472173,8760
448,16.61103503607152,10.542534485443364,16.816780848695334,10.127397035059342,8760
449,16.24555435734947,11.022331038240187,16.465033900998034,10.608281912009474,8760
450,16.846457058428243,10.760718456783211,16.99716538697274,10.466349890165294,8760
451,17.1367064891371,10.683466346599696,17.321463462823555,10.305243648373063,8760
452,17.64139094022751,10.994240496688269,17.77601565526168,10.72953461061007,8760
453,16.334461129584902,10.519621652289663,16.56772360404261,10.048874248855535,8760
454,16.317608631023457,10.991000690356062,16.592940668255157,10.443341761410567,8760
455,16.72505532113349,10.504784927698912,16.913429909603483,10.11970347974793,8760
456,16.989368725167473,10.398785973245825,17.142005938028735,10.080563105334122,8760
457,16.17924863667496,11.004376930399529,16.513041622950492,10.294285334770706,8760
458,17.443021658202767,11.49106864508341,17.67174101942328,11.046888997751399,8760
459,17.49975367298276,11.19466880161803,17.70078435539986,10.794045974884067,8760
460,16.942994438608572,10.428673242535737,17.08432677557793,10.146516854541348,8760
461,16.707088488718227,10.581024642471995,16.89856797728603,10.188992122938638,8760
462,17.021052438131395,10.888567663326603,17.186846833353535,10.565746546549795,8760
463,17.411227527588487,11.129415231873972,17.613694027299697,10.730967503027065,8760
464,17.09881827366184,10.91430350431558,17.299141552469145,10.514486862991204,8760
465,16.810404603003885,10.894464339633535,17.007879579807454,10.507200182327223,8760
466,17.225012785078274,10.986575302253225,17.41284898506241,10.614649201098539,8760
467,17.146555634956485,10.495571649552797,17.305800808313407,10.17329921182944,8760
468,17.080853555253718,10.9211872471388,17.2841209628324,10.510302059235103,8760
469,17.18538765992382,11.12010758242948,17.343450103463887,10.819053125746242,8760
470,15.929543065454874,10.769544283640295,16.16830745430094,10.314157948356778,8760
471,17.224536928641957,11.057262623871564,17.401361831689933,10.71938970882771,8760
472,16.233685623862062,10.441418513308385,16.408681029403112,10.083043058289462,8760
473,16.938784871942236,10.35860539707331,17.11589225655146,9.981859535867695,8760
474,17.2857727181624,11.07506128398271,17.472349929091532,10.705464566641671,8760
475,16.964875233843102,10.826888777947078,17.125688482946774,10.510941316059041,8760
476,17.295674872081857,10.35581801074953,17.466865769523405,9.993990507670375,8760
477,16.564742986820583,11.207102552212746,16.81611304283246,10.721366876642566,8760
478,17.436517657990542,11.549270729919145,17.627905371918178,11.17575273729212,8760
479,16.530152590444533,10.360374364501366,16.73347590049455,9.922730290182596,8760
480,16.743456085913976,10.835075496895206,16.958236976837274,10.38930531868128,8760
481,17.37111835741306,10.859832364127506,17.536870683373646,10.522390257872996,8760
482,16.69387914346958,10.518632558864374,16.867935247862103,10.176739141618528,8760
483,17.544270313510175,10.742062871162505,17.708303958112168,10.390530665816348,8760
484,16.546179492572747,11.18538995808612,16.792979980486116,10.696279537395105,8760
485,16.87290871340331,10.289811944914906,17.03312687880539,9.960351695464574,8760
486,16.65603538301791,11.06542810083004,16.911307982819327,10.550268108446403,8760
487,16.90359996057409,10.565680893583206,17.080531455845076,10.202721594626219,8760
488,17.21174429457401,10.89524427599982,17.375836904178243,10.578842749247745,8760
489,17.078110768554094,10.651212054779341,17.2298655327929,10.34273165924875,8760
490,16.52492247739927,10.604465348528272,16.74514670165133,10.16389203099059,8760
491,16.888956513025878,10.680441152729275,17.057895137640227,10.345785930590779,8760
492,17.017637879797903,11.135827577750373,17.231794067013208,10.71864252177079,8760
493,16.99400475264888,10.600474663805716,17.131810950762492,10.334376050380158,8760
494,16.98273673685459,10.732530705038696,17.16480910904758,10.371546195643335,8760
495,16.732773772241675,10.965254773103776,16.95111994406844,10.515959091517955,8760
496,17.232509397138795,10.822568876021064,17.385039666706984,10.520192432362819,8760
497,16.55333048597915,11.591438923453625,16.891460041783066,10.878795826877075,8760
498,17.396053237551723,10.92989570363137,17.55887952094869,10.603536140166327,8760
499,17.1052708843076,11.032556489665234,17.298999205538,10.653704696532232,8760
500,16.612298763845256,10.431170845233861,16.80266898478837,10.046321957105171,8760
501,16.10280443136813,10.56934390503377,16.3001104733859,10.189577618713725,8760
502,16.71040646065129,10.524426404866098,16.88042446912299,10.181470179560595,8760
503,16.551076069408765,11.248796183964677,16.81046889685299,10.730741272971253,8760
504,16.75793922060428,10.527419020757964,16.931934254712267,10.162799886652637,8760
505,16.558583136076596,10.725839714365693,16.755838845557765,10.344372959048771,8760
506,16.64249709773562,10.694269703579565,16.85540480252183,10.255396236417296,8760
507,17.438652741095808,10.760972605385128,17.62617164582462,10.369484132910664,8760
508,16.990068093328233,10.756951870804654,17.14938789972469,10.435830638939072,8760
509,17.925010340838487,10.815224944650604,18.056232286103118,10.550196904874838,8760
510,16.268231891040237,10.5802324239453,16.454248496345148,10.223755701435351,8760
511,16.31932327666979,10.73655281983144,16.56315337495317,10.260438316842489,8760
512,17.136063182133253,10.79337899691181,17.314530811568893,10.41559922437618,8760
513,17.35809701002569,10.767641369778724,17.50363914930379,10.477861827021064,8760
514,16.945223023874206,10.412891857202961,17.119729801434996,10.049754326072582,8760
515,16.697611003856135,11.347289482990583,16.962957911915858,10.824217390051773,8760
516,16.261494779905,10.716486149300337,16.491425164301354,10.265209640307178,8760
517,16.17549916204522,10.221796046730677,16.36799342944526,9.835834786816154,8760
518,17.203840528619722,10.519417649070625,17.343612140507904,10.232906173943716,8760
519,16.915260245068904,10.441015475936464,17.086726441570686,10.085725308445884,8760
520,17.169945233462716,11.100311914613076,17.337090634570384,10.770646087261632,8760
521,16.330902611855006,10.761843588201625,16.567132624143408,10.29857391310669,8760
522,16.740081417635555,11.199194322090033,17.02443319611619,10.612168674632517,8760
523,17.067081266099052,10.582015089206367,17.22839266437354,10.260904296781234,8760
524,16.710121303162502,10.866180225149245,16.905518537169346,10.482476394429625,8760
525,16.759457637044676,11.456276419641586,17.009860292483356,10.976057159021277,8760
526,16.503424223054843,10.8899644527099,16.716343157742813,10.463813593611452,8760
527,16.331546512122834,10.471198246062817,16.538058698220393,10.055697905175196,8760
528,17.329348149242854,10.866119479737156,17.51710201010149,10.46057891800849,8760
529,16.345033791444106,10.528576019708261,16.532389708059245,10.164436399758104,8760
530,16.791832453704384,10.72079273402288,16.974821628263715,10.356935662546032,8760
531,17.25063865573688,10.715766290556182,17.417787381099597,10.381865312130195,8760
532,17.62495103489542,10.616182791678971,17.776666924963795,10.305641307409022,8760
533,16.394800359438598,10.671436440023868,16.637079213326427,10.18621559657302,8760
534,16.814730082610815,10.885981603928737,17.004514147451015,10.497445012227866,8760
535,16.50579049512542,10.406767351008256,16.661748076830474,10.090384018230932,8760
536,17.264244303013577,10.623276496985834,17.443356688658678,10.22589306326522,8760
537,16.552744557856432,11.171197266355488,16.748130816142943,10.812968075786388,8760
538,16.888982183505586,10.787231342301974,17.07184568977654,10.412473822180749,8760
539,16.165067673320888,10.144486162301025,16.38428084673042,9.673786829158072,8760
540,16.75556163683116,11.084879637010665,16.97848706874355,10.640403825370509,8760
541,16.487491406042345,10.816832654697969,16.68631847327112,10.433376086572403,8760
542,16.635457624520615,11.009514042619982,16.850511107681765,10.594874224965977,8760
543,17.24434678316581,10.913241106465508,17.415607409939245,10.56569433511234,8760
544,16.374690915366475,10.933111734757622,16.639850415590573,10.397343349868294,8760
545,16.567064332748586,11.032349782469272,16.780539923777546,10.617561796674357,8760
546,16.551939825807544,10.680048372190381,16.740895765343865,10.314485499288125,8760
547,16.637290040336467,11.081315079633873,16.8370261792839,10.702357501948782,8760
548,16.761406873233344,10.956231861143815,16.99276028005997,10.49736050860089,8760
549,16.675801368245512,10.790743921867676,16.877132310930712,10.391557828177795,8760
550,17.935974287777437,11.002458519345687,18.062665704469776,10.747646102739926,8760
551,17.14035903092019,10.185545567172401,17.299763850902256,9.849665195640732,8760
552,16.711315242751613,10.323272960585154,16.869189288015352,10.003459766079908,8760
553,16.647573402904367,10.810349262816468,16.827667986374856,10.455406097032066,8760
554,16.765134863621373,10.648861765396871,16.948009934086723,10.288234029773093,8760
555,16.458581589705787,10.445020841169177,16.643502383114676,10.072475165425315,8760
556,17.026258055646846,10.574136371268523,17.219036379293325,10.17427765706574,8760
557,16.65021275371389,10.492951671736321,16.83587652375512,10.11357318764339,8760
558,17.14185191727599,10.829206004989862,17.328110118217335,10.451283167121268,8760
559,17.338999384116978,10.427747356722014,17.491411610070315,10.1053215500522,8760
560,16.167224211970066,10.656624877160928,16.40931822596263,10.182399467020518,8760
561,16.839388152201877,11.093090842328076,17.03090269015194,10.719268808351265,8760
562,16.479250986301256,10.690072236848748,16.715353160670123,10.207717793080734,8760
563,16.323583693386293,11.025163018195567,16.570664851649397,10.535892925721544,8760
564,17.47181535370763,10.616964376906285,17.598513409201438,10.353571662711591,8760
565,16.932795120327995,10.856296021511367,17.121513741119994,10.489143392379743,8760
566,16.913804777003545,11.06942361541966,17.09050796470315,10.728995375955494,8760
567,16.21309164685675,10.489522827361775,16.43245750485916,10.04591957308149,8760
568,16.53511929371423,11.119171084386874,16.744619233104036,10.722245275221617,8760
569,15.956916238905185,10.715181733938627,16.21405812846955,10.209150390134225,8760
570,17.02201226370388,10.49912235233386,17.19120208732156,10.153654913221956,8760
571,16.61358045909743,10.866726968706402,16.83117554189218,10.435340878757408,8760
572,17.168168960886568,10.605710185224275,17.319616545813886,10.306930639891705,8760
573,17.052510537584194,10.513348533074542,17.218932988877484,10.170918391705257,8760
574,17.48845867095432,10.637681810533373,17.623332509826778,10.365574148575039,8760
575,16.194616177005035,10.94868944946568,16.43960231106379,10.48252368789756,8760
576,16.794378967613106,10.469152595974531,16.9943052215909,10.029428668560517,8760
577,16.371144935583683,10.434257300788799,16.539928613804598,10.108071016410412,8760
578,16.978044985443756,10.82313694502138,17.150420108729552,10.470268929408823,8760
579,17.067520487553256,10.725057518470239,17.264897572089875,10.316729107367133,8760
580,16.185044480516645,10.57872207232796,16.397772605871545,10.16113479342863,8760
581,16.532524625074775,10.938497754240187,16.7133521114316,10.597959746672597,8760
582,17.30834546417074,11.113620632274808,17.51820695758677,10.704465983478674,8760
583,16.18823261044407,10.719237338750135,16.40069850204433,10.303494575689571,8760
584,17.1186221114578,10.935008519217638,17.292613624228203,10.59944150872121,8760
585,16.669444603221113,10.769887119123315,16.841017233356876,10.434920136765074,8760
586,17.28258636631666,10.89420461499974,17.419170377098705,10.629096062041405,8760
587,17.9876871877963,11.088982481130023,18.16893572851036,10.705537206995366,8760
588,16.691322250556897,10.713319009376704,16.889633720969197,10.322441882842828,8760
589,16.827472237996297,10.910270077531546,17.072489307100973,10.405386331874858,8760
590,16.210110491616256,11.198542613931126,16.492997465332696,10.657849378565205,8760
591,16.68545679028401,10.74644841852909,16.884067063851045,10.350793079425566,8760
592,16.74660922435986,10.931814849496167,16.934996760069808,10.573154560944088,8760
593,17.49731623056497,11.09588145185064,17.681893311704275,10.723029133997594,8760
594,15.55199616098132,11.306615645885035,15.90190217666553,10.643891797706411,8760
595,17.367897259839523,10.883512560948162,17.527082103164354,10.572764021822026,8760
596,17.177083170327073,10.752942452123408,17.333444329738416,10.448791611650492,8760
597,16.422230972287373,10.116069070643464,16.607247851302315,9.734679728527858,8760
598,17.140129998141425,10.907730189585129,17.316462520283526,10.560940725084246,8760
599,16.958569695557117,10.797702614237945,17.157378232476656,10.406251427624252,8760
600,16.808296321061388,11.39808099212599,17.01422668102683,11.008590715525562,8760
601,17.708933693447346,10.763427335258202,17.868718785236968,10.427354271145493,8760
602,17.159459531517786,10.796154361312569,17.337302525052564,10.443283650455802,8760
603,17.517020543208915,10.897965032553353,17.699473146843808,10.521871082976459,8760
604,17.17688446231295,10.484617784439648,17.361022766538817,10.100222216429849,8760
605,17.528112578110896,10.766305228548665,17.675665500904746,10.46175831136144,8760
606,15.989147808284342,10.787335348845945,16.21231567747797,10.358304915935998,8760
607,17.806333774581816,10.744630991590288,17.94041124535405,10.467488085854361,8760
608,16.22428935259894,10.806312460441937,16.464125195871862,10.337350595820546,8760
609,16.41600342866524,10.72480261822959,16.632865585228604,10.28763117629334,8760
610,16.441569278635118,11.022183702700787,16.684614566498993,10.550242776823897,8760
611,16.43862455016047,10.442848185037215,16.662502861522952,9.989623840190088,8760
612,16.45049584991735,11.008313267697721,16.68175832463018,10.56795586120999,8760
613,16.287777995257663,10.99063860985177,16.532560612029968,10.511408989696104,8760
614,17.20987271703072,10.802574689560428,17.409053469370047,10.395557963074845,8760
615,16.34687184573716,10.531923847638698,16.535954085135558,10.158675732086289,8760
616,16.114664171737658,10.755725667875717,16.35204238594737,10.284934987795411,8760
617,16.32020995729163,10.85011569336337,16.521575436418807,10.465813923493055,8760
618,16.389018806369293,10.592662851156366,16.582544243756356,10.212671907802893,8760
619,16.25891335093582,10.83599451541079,16.51506506446249,10.321476205513045,8760
620,16.70376126691067,10.198924550236194,16.8300226175223,9.940858916914095,8760
621,16.83831667546961,10.558492326901353,17.027128297844424,10.175259935629503,8760
622,16.04467779436604,10.584975041180924,16.26175122153777,10.166578938227167,8760
623,17.068573284488696,10.683865619318798,17.220020341884382,10.391232363934636,8760
624,16.421971936521246,10.781210806097311,16.64261853017897,10.339013172665705,8760
625,17.431799318202135,10.754175314303993,17.611480543812565,10.387652826374318,8760
626,16.88751403607478,10.237611632432007,17.046163069482308,9.906346804040899,8760
627,16.479866407146957,10.653409486122676,16.70401968272929,10.205667616082309,8760
628,16.416969319470244,10.367028544233522,16.59566989063861,10.010217787301297,8760
629,16.889638394611193,10.88269659954721,17.079192691750073,10.509447635197107,8760
630,16.028423498153412,10.579575498948305,16.26964259449663,10.08999487973281,8760
631,16.410236705960365,10.715677610971182,16.615315705753968,10.316343562477515,8760
632,17.073679041679004,10.520975392197329,17.21505253330532,10.237575752433068,8760
633,16.037709151444222,10.631816725281043,16.27115963963599,10.170206358204172,8760
634,17.156724637515396,10.8495348913408,17.363492021903124,10.43215388959007,8760
635,16.824253196323905,10.522886177625855,16.99555820481746,10.161345861452414,8760
636,16.81579786430584,10.389785043301156,16.984519245731217,10.04761685441078,8760
637,16.665847900216665,10.771226702801354,16.85786045379906,10.395879984230739,8760
638,16.780486871734038,10.663470368030302,16.95750852060511,10.3082236172576,8760
639,16.239714365646893,10.171259625642863,16.443168705691374,9.755003936840655,8760
640,16.12355482592385,10.576215454559993,16.377072536657618,10.063316393981399,8760
641,16.966656655068864,10.687625307922463,17.141866471553996,10.33083838409818,8760
642,16.636827260885237,10.772232750223049,16.867220198229415,10.296633485470782,8760
643,17.57563148274824,10.982285260963204,17.739300315095154,10.661384248475285,8760
644,16.610853445617522,10.781189624679403,16.821995028380233,10.366247300042366,8760
645,17.069317545493618,11.259747335343688,17.282748206624433,10.848351206491476,8760
646,16.017534078060965,10.80055083936002,16.251100594675858,10.352232711443731,8760
647,16.954780962763174,11.370412642095742,17.197471620397785,10.886710848352195,8760
648,16.44499975931539,10.618029205970034,16.675406364925966,10.15075813824414,8760
649,17.1740899718126,10.718137744715504,17.318073383844254,10.427374513166853,8760
650,17.424974176835722,11.066498040414054,17.566084498516986,10.795358940993124,8760
651,16.315392512930927,10.919019870223972,16.58852603711902,10.366689868316017,8760
652,16.912936347786363,10.763824893847943,17.128383244833085,10.332374353789564,8760
653,16.929776453327364,10.12094425728592,17.051270683677533,9.870910817393154,8760
654,16.922304077693767,10.726825799457913,17.079509355758518,10.42931505247163,8760
655,16.900607679742503,10.393739390650735,17.052305269764318,10.06547748989924,8760
656,17.41130885307742,10.530726021268057,17.54628900787427,10.251643756208873,8760
657,16.790877917576804,11.039383137571699,17.056526167063485,10.49091543900875,8760
658,17.101967054278706,10.518691825051702,17.255830037966103,10.203590467163858,8760
659,16.77795018453191,10.775477510841045,16.943487950767118,10.455966164865641,8760
660,17.624579706484962,10.971170008563766,17.774052215784472,10.672288183219344,8760
661,16.51145439587275,11.119126896488824,16.743556677970496,10.668910821033448,8760
662,16.228369169432433,10.72710279222026,16.436527686461652,10.323736187071948,8760
663,16.961011373714406,10.717755699149759,17.16305772463623,10.295019802133552,8760
664,15.651845872397693,10.800731855734098,15.927412750172085,10.271436715953145,8760
665,16.091303127712386,10.5902784306152,16.31578127817984,10.155015695695408,8760
666,16.729133368169876,11.060181393118139,16.91758344704669,10.699215859088028,8760
667,16.663881955625648,10.916689983789187,16.881220741191186,10.49984895493061,8760
668,16.185878093338975,10.685723561218337,16.432726693826584,10.205862646702284,8760
669,16.208536124722105,10.675302983635797,16.461570974845987,10.174484280684933,8760
670,16.764141708212698,10.807929569828994,16.972337465268577,10.396020904264814,8760
671,16.867164433670315,10.706446458576629,17.01920080513029,10.405836050425867,8760
672,17.085547637781254,11.049930193684597,17.25885125845518,10.716247511369616,8760
673,16.20803440720456,10.825403437346889,16.45408166241719,10.355350987625956,8760
674,17.15357295193035,10.85837767675218,17.34291674626299,10.468302668798078,8760
675,16.5594773016256,10.4778827502594,16.734629974943875,10.12448277476892,8760
676,16.658882819235643,10.578809426489647,16.846212524162922,10.196151754490907,8760
677,17.242198865512634,11.076171457339477,17.409116413236756,10.746181543307575,8760
678,17.50034391036415,10.791761521008478,17.66524916756911,10.44613316054668,8760
679,16.827605798761958,10.776027989515153,17.03211059006559,10.367458434359149,8760
680,16.816388705375214,10.542724705013764,17.00587115438742,10.159031674713384,8760
681,17.499356865463906,10.490330062395653,17.65461035713344,10.165758821170083,8760
682,17.11343047775689,10.829771912369633,17.278391049252694,10.499285390033034,8760
683,16.15064756648677,11.191440399480339,16.41458980565435,10.687430455762527,8760
684,16.54164296548285,10.950273149384778,16.748683642099753,10.560691747124604,8760
685,16.83303838918338,10.154169627124858,16.977474537945614,9.858788716477278,8760
686,16.911413031251097,10.273063389846298,17.083650655662982,9.904020250377148,8760
687,16.379241410763434,10.394905630883574,16.573207862554856,10.011064665284193,8760
688,16.03106437462312,10.570488265499469,16.241324865749636,10.147724465083225,8760
689,16.355234094235914,11.306459003655231,16.668589821183488,10.692015273146236,8760
690,17.137914448545324,10.621806281438628,17.30316850944123,10.276693330530557,8760
691,16.612921505811258,10.952083379589341,16.87261268110794,10.434366018286587,8760
692,17.080515453947502,11.024744329593814,17.29795956176783,10.584916208987623,8760
693,17.051452737042037,10.84359456630382,17.2646402862332,10.41237988669243,8760
694,16.976452503241564,10.386629285518161,17.12563614175672,10.082732200413322,8760
695,16.2758655529949,10.86237388723507,16.492926303300127,10.45103354091288,8760
696,16.648835527293606,10.757170053704879,16.832735956450307,10.390852659086072,8760
697,16.86254282040201,9.867670924664997,16.9996554001406,9.576371379111569,8760
698,16.582565145375025,10.424974563487494,16.761986382454136,10.060640202220855,8760
699,17.432044710585973,10.754945181578089,17.578799570134144,10.455252735339613,8760
700,17.10578154466123,10.77470011642147,17.262784481151762,10.464407014641136,8760
701,16.725230563249276,10.647392079475924,16.895519395026444,10.315789632502764,8760
702,17.12278197867034,10.944858596398996,17.308223663592287,10.571236104140326,8760
703,17.258516785531715,10.64695010388237,17.421343435079784,10.318326656370743,8760
704,16.750483577980503,10.551378464058034,16.93457991237889,10.175802631636834,8760
705,17.77458452963078,10.761372160676776,17.917062829123353,10.475122273265388,8760
706,17.258969979799886,11.576406731029175,17.45930279656845,11.198608267255432,8760
707,16.94275487126244,10.845848410271786,17.153542368942112,10.43024429698574,8760
708,16.589614321113025,10.67087348777966,16.760970693447764,10.329326361097685,8760
709,17.16206797023455,11.073319055069893,17.343675458559797,10.730506996818452,8760
710,16.853182993136684,10.672528814908619,17.012909856426255,10.348087217688501,8760
711,17.060373378598168,10.599589403338365,17.21048127414161,10.288609007784478,8760
712,17.549093497604847,11.124165964224904,17.741070618361565,10.746046314434588,8760
713,16.855388897399802,10.592190428391627,17.002213144464253,10.302483175539123,8760
714,17.229928523657037,11.264202119719005,17.359734559770548,11.028180775229568,8760
715,17.65471947417456,10.538110421507671,17.785511894780516,10.265569572830836,8760
716,16.430468510771817,10.726531454131825,16.67436711063531,10.240608182565948,8760
717,16.256360966541102,11.078869093906784,16.5117976844532,10.606882992974475,8760
718,17.246571913342017,10.285344724359357,17.36957650493848,10.03576752848187,8760
719,17.21489200044195,10.606166789635227,17.36542996635674,10.306400551024295,8760
720,16.06993147326329,10.491583733139857,16.26993069602566,10.099721311900048,8760
721,16.94467252921633,10.359570642945345,17.09417906295449,10.056745807100725,8760
722,16.74993069115573,10.790754320559165,16.924599696152494,10.453452187304945,8760
723,16.613613147327218,10.559596792753823,16.792274759438246,10.210249671821792,8760
724,17.047063123429467,10.47997528072295,17.21940136489031,10.12939304892878,8760
725,16.527494486993238,11.060480561348031,16.724467254442644,10.689597824912319,8760
726,17.04279927062855,10.637338031820693,17.20118470109011,10.321063222741772,8760
727,16.519447922590786,10.527611967802148,16.721289765893598,10.121293594544486,8760
728,17.059869569405656,10.81897429283735,17.258524347170837,10.428343726455775,8760
729,16.677814491351327,10.466709298252276,16.848316557812005,10.111699591132988,8760
730,16.8776596870768,10.302870378022957,17.023367980313374,9.998985834941632,8760
731,16.358716031291536,10.744586466979067,16.5855250045597,10.29388376412564,8760
732,17.299145804703148,10.36519822986787,17.444071670864243,10.066292512665822,8760
733,16.746487557738686,10.66342337334426,16.94949921032297,10.25165879294326,8760
734,17.051584596027404,10.912179999162527,17.261938389464948,10.485548093419343,8760
735,16.537985475531627,10.897066994277997,16.79473933193382,10.387192357075103,8760
736,16.215134246069265,11.240981181334693,16.46353388041446,10.769369241997476,8760
737,17.268629151554656,11.047954580543287,17.42969264663297,10.733675314376429,8760
738,17.086136641421852,10.650985841892641,17.248488140837893,10.3280110208426,8760
739,17.338825768625146,10.52507267121636,17.499254583936104,10.193322106025446,8760
740,16.721142029466478,10.535004077786013,16.883294596707056,10.207002168703848,8760
741,17.785044949133766,11.201153792510928,17.979346195854685,10.804176359104341,8760
742,16.61026208636731,10.724443803911724,16.787091778522225,10.383232717841715,8760
743,16.705768398735678,10.793309610337884,16.91840393633571,10.347360920267038,8760
744,16.294362423315174,10.787457908832414,16.52572039324547,10.337196507243695,8760
745,16.81537252139002,10.655314770181235,16.974764239085424,10.347799252294513,8760
746,16.716816443806664,10.389736743102821,16.904923807398927,9.995440562082488,8760
747,16.541953381126188,10.769787057229962,16.729794408690445,10.400231576304723,8760
748,16.66400240672982,10.588421348192801,16.878754988522108,10.1404735953006,8760
749,16.904680598216512,10.901003167518793,17.102960982990616,10.506217907291607,8760
750,16.639706379583277,10.770209492305655,16.814342837643505,10.431157500465217,8760
751,16.977609613117746,10.735355619464293,17.164458639978463,10.354688934180958,8760
752,16.887121178979907,11.308602072766455,17.100736967289176,10.896348651751723,8760
753,16.78915322957447,10.779747495753176,17.009084967609088,10.33647424860407,8760
754,16.65369629801605,10.585067927395222,16.808968004978325,10.281333125286668,8760
755,16.792940277083957,10.869703486395244,17.01513539226676,10.424047497059098,8760
756,15.40616745260911,10.841817568547256,15.692180139282662,10.30913142172769,8760
757,16.993789968286436,10.714655098624576,17.1833536913727,10.330180592484794,8760
758,17.02542727965245,11.244428792522609,17.238559004058335,10.831310018081636,8760
759,16.49621993131623,10.876818005987053,16.68121464331418,10.53095633576823,8760
760,16.874326824553584,10.451024376093201,17.038282102517496,10.120514837048901,8760
761,15.745859063487691,10.526925415181479,15.977729258629033,10.081277958925238,8760
762,16.93350158029768,10.790752408179818,17.147865063442396,10.352204845013738,8760
763,16.75599849666594,11.181257727377037,16.967838306017683,10.774097684103499,8760
764,17.311533023158468,10.863495399012832,17.53128779254544,10.404538225827425,8760
765,17.344806771701837,10.69510799734862,17.47727757665667,10.432138774531602,8760
766,16.992649960947126,10.730321274475028,17.141740891289356,10.43689447546165,8760
767,17.10502877235787,11.004339383482753,17.262221172292016,10.699592102600732,8760
768,17.88484240538665,10.708369518576376,18.035251971847966,10.383218954103887,8760
769,16.513398309572256,10.553705145602843,16.694424858688542,10.203365585613298,8760
770,16.806792393682535,10.878032991413908,17.007850600144874,10.477868547301222,8760
771,17.64156255473095,11.288072139910442,17.790649559674378,11.000411320719692,8760
772,17.00790888169695,11.115786327700063,17.24787041441587,10.64697838557053,8760
773,16.935994771053284,10.521888608106918,17.106981051875252,10.162048466614468,8760
774,16.803880912765575,10.799824938052843,16.973478387495135,10.471883730146438,8760
775,16.264134989230868,10.908563615615664,16.480291753886345,10.494745928770357,8760
776,16.89970701754653,10.984396174780338,17.065551773434244,10.665891734416755,8760
777,15.818935321170256,10.443377548326286,16.0666128646659,9.946567536841217,8760
778,16.342021715620767,10.880326788465126,16.558802544148065,10.461378258049594,8760
779,16.6345226707069,10.759353471853828,16.807948323832207,10.423024299580105,8760
780,16.63557672387787,10.703994880793905,16.810283676086875,10.367635967243572,8760
781,16.31682744422781,10.361600479344151,16.504225105927752,9.975644404939878,8760
782,17.408081930256163,10.565706409371254,17.526764966237995,10.32310324301972,8760
783,16.401627736257733,10.847678069690616,16.62553210317273,10.407941541181595,8760
784,16.323320473236347,10.770830703039602,16.54594694979812,10.331754890821998,8760
785,16.50303942361758,11.270507634975486,16.764716422829302,10.772325334653498,8760
786,17.225953147523363,11.263245264300252,17.403992863128714,10.928206972635758,8760
787,16.091318711925318,10.950893097289061,16.350030543229774,10.455338140766,8760
788,16.763188884290994,10.486237856448763,16.941683408270194,10.116747797349877,8760
789,17.140474106765804,10.638694248686138,17.276520077426667,10.365295823116977,8760
790,16.543584832032767,10.655620702266768,16.718424353646473,10.312103485575589,8760
791,16.67374130893041,11.156934244950124,16.91111731431175,10.700837060979895,8760
792,16.718629758196894,10.958774450992784,16.901918261497077,10.603662894772258,8760
793,16.94813260301669,11.033077976478047,17.093259430658915,10.761716998219306,8760
794,16.66266873589848,10.502314291255749,16.85710348529072,10.105896559777626,8760
795,16.682297235269058,10.206955910645226,16.862659211198764,9.826646026619704,8760
796,16.284996335395967,10.67821577766534,16.47961716188788,10.306167913743062,8760
797,16.773767563552788,11.185287441690752,17.02638531072158,10.654361055602829,8760
798,16.347535211959208,10.428426662304345,16.532350766849248,10.067896081292671,8760
799,16.865772877180273,10.931341924238682,17.046417523253137,10.582271748455707,8760
800,16.531839105903725,10.83379329911094,16.729719113758073,10.451994255561909,8760
801,16.41423674316717,10.636787170097838,16.62893787988467,10.208156280113501,8760
802,16.422775185069224,11.043108351975842,16.68058409614866,10.52078572167683,8760
803,17.23377642544894,11.02112739073828,17.427719373939944,10.632113449029687,8760
804,16.90230330462107,11.150074603905821,17.093491812515,10.78915435018419,8760
805,16.691265330792977,10.54589557620084,16.863347656456952,10.20338812569367,8760
806,17.301624070227586,10.590352053619293,17.405457323763223,10.38914757469011,8760
807,17.261564268514796,10.276679631615918,17.436885844638788,9.902857421441512,8760
808,16.29834649406248,10.768029557764967,16.540938480289924,10.296898895264482,8760
809,16.7590754351177,10.96554077203806,16.940386461838504,10.609018456873123,8760
810,17.159723648454673,11.191035798079147,17.336506068930245,10.844447788138726,8760
811,16.715697393420403,10.645861966218586,16.903498316593677,10.271560876877054,8760
812,16.776302216171132,10.752475441882165,16.942619088738734,10.429547365046133,8760
813,16.14787178804878,10.565310139703353,16.372167914323526,10.121733531154609,8760
814,17.01888087820906,10.75724173277703,17.188967465547975,10.421643681815413,8760
815,16.372562664802462,10.89492370325783,16.59554176467152,10.46604523733397,8760
816,16.207723650293854,10.413335799559336,16.40007711247219,10.030862335557222,8760
817,16.107516140930763,10.527586068839407,16.345898342276165,10.032259679205152,8760
818,17.03719949678826,10.513001545099124,17.252789141239376,10.04535065715912,8760
819,16.717831027333,10.416271941743563,16.88202249557476,10.084447363167515,8760
820,16.135140456142036,10.643338343707086,16.39026127173027,10.134655833924064,8760
821,16.94258090959241,10.633364606406934,17.13626174780457,10.230830173971224,8760
822,17.131798047268738,11.028114489379385,17.327160734073935,10.644790654168636,8760
823,17.43099808391224,11.248511101921732,17.587058948358123,10.947931120486452,8760
824,17.09720170441919,11.029405823343357,17.31376659139989,10.59868712857906,8760
825,16.434928238959703,10.760952224234513,16.677444562791788,10.269243781631408,8760
826,17.716107231747646,10.435688622668598,17.833523633033835,10.190203207759076,8760
827,16.44355248655221,11.071825127543518,16.70469752229118,10.53816883331144,8760
828,16.031973176495356,10.917275005249579,16.280960891758248,10.447155109509408,8760
829,16.577443557563278,10.690238594144356,16.793061879896182,10.253028623742093,8760
830,16.53668310301009,10.638517240461093,16.72192617638886,10.279006469348664,8760
831,16.88209268855144,10.800019553448735,17.084638610078688,10.387345536419542,8760
832,16.554389362431248,10.854115174956734,16.76743166429295,10.439713149256379,8760
833,16.68196408438451,10.817566783940249,16.88268779690332,10.422564263312704,8760
834,16.235837697700717,10.474831765074658,16.43691565225768,10.074970018278789,8760
835,17.41111070459131,10.774915632550938,17.575029888984258,10.437850704557878,8760
836,16.89926845215702,10.714076392035295,17.038664394633418,10.449737742549084,8760
837,16.920440899714773,10.942798979155025,17.075619292182946,10.64222525067409,8760
838,16.112931543086262,10.77608919073511,16.32587465675406,10.37117577858399,8760
839,17.926316552219074,10.88220927499592,18.090211784842175,10.518127911907023,8760
840,17.543843699716923,10.998705360967703,17.748754992662366,10.557458908266883,8760
841,16.53237986429834,11.223419931949001,16.785024759182136,10.726376155117046,8760
842,17.139197989716212,11.084799185487237,17.352972467092165,10.65965724965832,8760
843,16.55972768280208,10.780327900106242,16.766553960721115,10.372618481198607,8760
844,16.264273005792425,10.640419916646984,16.49407992320149,10.18788454922749,8760
845,16.070046502040853,10.893065825584577,16.326737676155,10.403679803506337,8760
846,16.392477195084805,10.438742750108903,16.570874034555587,10.084267107556517,8760
847,17.138959962161167,10.83978357610403,17.33754262929636,10.441705645139201,8760
848,16.117490869129494,10.793966722001981,16.3612058974283,10.294071608513091,8760
849,17.168908218959462,11.01370165344206,17.348436655914007,10.66269659105469,8760
850,16.95625615074047,10.726085377848168,17.11353546938727,10.420882323406184,8760
851,16.321150898384865,10.730652947970098,16.549388541249673,10.279792765697021,8760
852,16.94056976464034,10.638198730666533,17.12209701814776,10.273225763209766,8760
853,16.84685292404697,10.72478831545129,17.01944644414583,10.388341235898176,8760
854,15.88451006666917,10.544931863028149,16.110673026456272,10.097311014459304,8760
855,16.70881468862046,10.389905636511271,16.884457209725106,10.03170639701071,8760
856,16.908801312442,10.532953445293751,17.07189297422096,10.20594996194529,8760
857,16.55025502809641,10.208719425396673,16.723884899559827,9.858838676484833,8760
858,17.412195524012574,10.740128067148332,17.60519258208853,10.335624312788768,8760
859,16.345664894822193,10.91761227869612,16.580361535213903,10.460577121907493,8760
860,17.38254892498214,10.944206355697396,17.561033484234127,10.586357891347994,8760
861,16.83808939888058,10.45405929730573,17.005320868304036,10.118662487418014,8760
862,15.71503180729648,10.581688036608904,15.962559031325714,10.088280271733563,8760
863,16.66682386820978,10.962598182145584,16.880691844165494,10.546462049085518,8760
864,15.828768219375137,10.617275623530373,16.094911795474683,10.094192569210618,8760
865,17.056342594093046,10.936449846629408,17.26446804865543,10.501087613935555,8760
866,15.948520417389792,10.921110530046844,16.24500255112436,10.354343848780728,8760
867,17.04942729621917,10.556721819111944,17.201507977504928,10.251981638511626,8760
868,16.55019632460267,10.975229071056068,16.79417613245169,10.495260423388855,8760
869,17.902113485860102,10.96074170982746,18.032357444113657,10.701630378747494,8760
870,16.509930142365587,11.065494599731686,16.76196339867454,10.584103452951007,8760
871,16.063961015538084,10.860385699792966,16.304482292052302,10.3817109823914,8760
872,16.787458234526593,10.870567271414837,16.984166041233657,10.485773552638426,8760
873,16.866842708775803,10.880483845158944,17.03539418453786,10.551278599565904,8760
874,16.372473761188125,11.241737298636286,16.658651038354837,10.677538667059608,8760
875,16.61932208607875,11.370188255780073,16.86673162961918,10.865104343020242,8760
876,16.401293299948993,10.84330774804306,16.59278052543121,10.472933521918131,8760
877,15.87754167009728,10.832632522914373,16.16059108744285,10.278671252527612,8760
878,17.02357919026184,11.187525372578522,17.234662064669457,10.778111791236821,8760
879,16.371465093397266,10.563498188789518,16.561712153070836,10.1834039367835,8760
880,17.067824749086046,10.775310312971877,17.241315818291387,10.430571793230525,8760
881,17.095838691343477,10.443620449759303,17.247333577137507,10.139386427829248,8760
882,16.31456565612872,10.592469597035333,16.57504137706635,10.06691377567264,8760
883,16.935707487803516,10.715757027060087,17.147197704317616,10.265423430505596,8760
884,17.128472293934312,10.46318391623001,17.289506537563685,10.129691135767452,8760
885,16.514792477688438,10.630235679923858,16.68657478285377,10.304253699972184,8760
886,17.155238939815877,10.601781018832341,17.325173457411097,10.253115130269677,8760
887,17.390350267488213,10.96118476987036,17.565596340516485,10.612401514627189,8760
888,16.619840848927847,10.551136096097492,16.787595127511587,10.219769622002673,8760
889,16.809495484020992,11.252320459372829,17.04048432932399,10.801565452497195,8760
890,17.04253396615391,10.814966906324182,17.232061738021255,10.433784652369349,8760
891,17.086167206296885,11.58523580326899,17.303061821324423,11.156696251039477,8760
892,16.827824874281013,10.977543314580513,17.042337824576958,10.539093720189937,8760
893,17.232089424628075,11.061200265639929,17.44032709735034,10.644964625505304,8760
894,16.68751973343677,10.58419766697707,16.881881687600085,10.170212522902276,8760
895,16.2230256351544,10.750693543414119,16.511674529771707,10.161496955606873,8760
896,17.116470328444464,11.03960979258034,17.32302839040888,10.632626610313146,8760
897,16.791076549981597,11.178171020291671,17.03684242293819,10.682726043213075,8760
898,16.884587283182384,10.901103275326381,17.07117426529943,10.542153395533632,8760
899,17.365285140829258,10.503652469610012,17.51010913140173,10.204495124773722,8760
900,16.861298746602646,10.813816371651829,17.067163273925615,10.40257071917916,8760
901,16.432774249623286,10.855162424354491,16.6933744313313,10.322335737750745,8760
902,17.67797377857931,10.817766825183696,17.822094939497205,10.526614128834458,8760
903,17.49897472910419,11.048203489218356,17.659664681087733,10.719775583899505,8760
904,17.436296014138073,10.181807506883006,17.550589376234065,9.945800968991836,8760
905,17.54471365623637,11.071232314334237,17.71916412083216,10.732390569315326,8760
906,16.84511256327125,10.65929636394616,17.05167657666445,10.24232907970737,8760
907,16.849035549483865,10.570805502773906,17.050486219915527,10.161004632843124,8760
908,16.397139060143505,10.767063850950894,16.65702966268626,10.245532768764141,8760
909,16.9774652888919,11.093773253990554,17.185826103794852,10.697190348506002,8760
910,17.082492009034723,10.57597425847035,17.2470291617501,10.24131899239413,8760
911,16.407235527892905,10.611039288655725,16.589000896831294,10.243124968112763,8760
912,16.550632447513294,10.705048507761859,16.70578652231136,10.405604554047072,8760
913,16.83589649684218,10.764566134866277,16.987684864137762,10.469784813482013,8760
914,16.404699285668613,10.62478713893548,16.62893540778818,10.175318861055372,8760
915,16.952174084101713,10.974846008869365,17.137329011492174,10.611169522461365,8760
916,16.912553470882983,10.83905377632526,17.108950890196713,10.453606875296915,8760
917,16.680222805501757,10.747283093247255,16.884732867288143,10.33732807573103,8760
918,16.381837569469525,10.269788882825617,16.565111833708226,9.893484617926365,8760
919,16.401843927971527,10.973892679374512,16.651456283997476,10.483685097261539,8760
920,17.345865690944063,10.668903044552689,17.529350993157298,10.287367859332644,8760
921,17.403276874792407,10.783805151186856,17.57038354709078,10.434027527376157,8760
922,16.24476004779329,10.882183764453863,16.46398970146947,10.45474925763915,8760
923,16.93746719886986,10.806185813650291,17.136684870713818,10.403437662211877,8760
924,16.923228911277956,11.168000356111742,17.156432739573553,10.706641902452722,8760
925,16.160834298041262,10.876164688606904,16.390456546277257,10.427607823855055,8760
926,16.329259858930985,10.314222012486878,16.521132530673693,9.921366547290289,8760
927,16.456151550166922,10.864484097243182,16.684180671699774,10.421954834928835,8760
928,16.930854890839328,11.30260396476436,17.160691172472667,10.856325803008572,8760
929,16.673911876882375,11.108540540473273,16.92374122782487,10.617137794480191,8760
930,16.052780669483063,10.808260468332744,16.295978341035962,10.32587198677261,8760
931,16.368191549137432,10.676449294937978,16.60325930916595,10.198024789170944,8760
932,16.654820194728195,10.32988583533064,16.83194196045058,9.963639349398179,8760
933,16.7923212945041,10.466701517423013,16.943889916810313,10.166245610057906,8760
934,16.495386846600613,11.099923064444422,16.72817036828719,10.659136441963886,8760
935,16.758436983872063,10.742327592758294,16.988739147557105,10.280341977148945,8760
936,16.55838055183303,10.495042290582347,16.713408460557194,10.193646757665501,8760
937,17.04493508959999,10.638246095551585,17.205269151292576,10.309425043068675,8760
938,16.682629633175573,10.888604899119724,16.92761166613963,10.386913551706028,8760
939,16.202209108251875,10.584312713373254,16.42718027284341,10.140802758914392,8760
940,17.412308032262633,10.585568488922709,17.583567669958327,10.231183973987012,8760
941,16.692965310594182,10.721951504498298,16.89004690368897,10.33069161514799,8760
942,16.40015589529562,10.521375102584624,16.60682402154276,10.104314977350938,8760
943,15.994505734334021,10.999212784461925,16.276501483566708,10.442547410208796,8760
944,17.39569835727346,10.873932972210481,17.59216948586665,10.467159556306916,8760
945,16.667739970726704,11.024044723923677,16.898484244318027,10.56890069657571,8760
946,17.336366584941135,11.040993853927501,17.519464622250567,10.685526289876671,8760
947,16.711926822955938,11.284706687222114,16.955317192432386,10.817196983434151,8760
948,17.05792643389761,10.945379534152462,17.217385937036127,10.639440185434667,8760
949,16.644800288534864,10.404704435729112,16.814739796138824,10.06667581954305,8760
950,17.685896618242236,10.98368862490412,17.854169139724394,10.648847215481965,8760
951,16.804587513874168,11.158875481516182,17.058995754245558,10.612168918922915,8760
952,16.414421488197895,10.520029083902637,16.603607620296547,10.15343652533366,8760
953,17.368768563036983,11.054973199050135,17.62184833302253,10.511888156761586,8760
954,17.216385870531177,10.808334901595309,17.38556691265838,10.47559394587802,8760
955,16.300184775503247,10.81445713074091,16.55803801920848,10.312904555392658,8760
956,16.58729172200274,10.316040067969837,16.735223781594172,10.019292265602374,8760
957,17.555256163630474,11.057081600299139,17.71414344296377,10.745456681572623,8760
958,17.028891121873226,10.575387156349066,17.228053420101787,10.16667464432337,8760
959,16.0197965841699,10.617953851545106,16.25264056962496,10.154753489309783,8760
960,17.22798772589992,11.130552459452414,17.38020694472282,10.845362095378661,8760
961,17.076109382387312,10.790592257771692,17.299240147713114,10.330887290334944,8760
962,17.201360912111053,11.11927266447952,17.425991503703703,10.656968804195436,8760
963,15.513605919166295,10.686067362201726,15.772711131455269,10.187166443849742,8760
964,16.852924302996286,11.000085601069662,17.075472214305808,10.539899764598188,8760
965,16.07517999030857,11.026911025994163,16.30970921275471,10.576069473163773,8760
966,16.63042764138673,10.700115830543764,16.806646863731782,10.356295357291247,8760
967,15.855007498103994,10.763364299515905,16.080662086659963,10.323858159607495,8760
968,16.696829289544535,10.62100533664283,16.86215664240631,10.295090713694092,8760
969,16.969966953568775,11.17153128977139,17.17501740863906,10.776154685135403,8760
970,16.815418138481114,10.749286301625668,17.04402627966348,10.280192041288979,8760
971,16.96927070987729,10.683973829742332,17.151313423996807,10.316352440729982,8760
972,16.206565819595145,10.838209285473646,16.422225002255647,10.4194644294183,8760
973,16.612002056751937,10.659496461685238,16.80167713940379,10.277270931657839,8760
974,16.79756217408133,10.871535054282058,17.01514410598844,10.448527192906507,8760
975,16.40400778879801,11.004066135003475,16.649100711965204,10.526797670451428,8760
976,17.150419251316006,11.085009623028945,17.335988610875695,10.726822715128707,8760
977,16.7792702812932,10.331994461970757,16.935612014562935,10.00786387676083,8760
978,15.373449977777055,10.876033886088353,15.64893629448078,10.357810219540701,8760
979,16.12062363575409,10.973844203427172,16.386441224677245,10.459238737949159,8760
980,16.86614117492454,11.325831878065873,17.112714604700415,10.838249420216464,8760
981,17.381974917098415,10.751806169707539,17.520918184748723,10.475670960890042,8760
982,16.586971293230732,10.610733829362081,16.763681767067943,10.25793292015152,8760
983,17.18577157493492,10.65041577258895,17.362331995292205,10.282461613373787,8760
984,16.28828577523373,10.8506363049404,16.52028628142078,10.386807013653062,8760
985,17.004122340189188,11.189668231641763,17.256492232803836,10.666345795008617,8760
986,17.487580087210663,10.553706231460795,17.632915241281058,10.25730924761393,8760
987,16.63753737482278,11.091867508293603,16.83222268551433,10.726865173525836,8760
988,16.754779450311936,11.019215509663663,16.980251348092164,10.58202625727172,8760
989,17.541733127317144,10.732566011454,17.695792294764104,10.422098023965471,8760
990,16.469251175103192,10.387228617169225,16.660010567336627,9.99836929956587,8760
991,16.248422724481383,10.909784844283116,16.476331034753237,10.471759045971522,8760
992,15.759804117309987,11.061065056097132,16.03983973465398,10.526418341819658,8760
993,17.053329714811813,11.645747222583632,17.32848433249712,11.116395354392566,8760
994,16.80950612120369,10.994727477286373,17.028295634229437,10.528121902585008,8760
995,16.21304015509152,10.391137846678234,16.386297301271686,10.05107440273871,8760
996,17.627340506321108,10.872052556657254,17.807399017469464,10.505671406604147,8760
997,16.391234602194874,10.280290675263728,16.56673877499497,9.920290785258894,8760
998,16.915256659111584,11.357113730181737,17.11811071077346,10.980709314251458,8760
999,16.885493248051382,11.014729766424281,17.057728610904782,10.68134198178009,8760
1000,17.315653514587893,10.583254980948045,17.46551385210346,10.274619635894233,8760
