simulation_year,mean_wind_speed_kmh,std_wind_speed_kmh,min_wind_speed_kmh,max_wind_speed_kmh
1,18.415203844956046,10.705932195129806,0.0,93.65142130528557
2,18.22181314427807,10.244350575290657,0.0,86.65223689297696
3,18.73218696248252,11.142654495673154,0.0,98.6233518485943
4,18.56157518113834,10.388945817096882,0.0,87.00685747995048
5,18.26718319601186,10.692336924840125,0.0,77.2284927216044
6,18.33237626254812,10.426916516408074,0.0,76.26453667467916
7,18.799785733678156,10.50158327578354,0.0,96.90329724965864
8,18.010372330399363,10.696943483385844,0.0,71.93790999448618
9,18.530007714017067,10.38432492051728,0.0,82.06076520814051
10,18.342397525175496,10.56505975079847,0.0,85.58746317513837
11,18.196749453731233,10.565379462602792,0.0,96.29951990785739
12,19.137658235105906,10.708431739714277,0.0,82.03176922710014
13,18.67578177687176,10.708588900033067,0.0,95.60990695712603
14,18.911271204468154,10.7224132652688,0.0,96.21306529657262
15,18.730448061943218,10.881179888463693,0.0,80.9033967447482
16,18.45510963524997,10.848931163555207,0.0,100.79068356637242
17,18.477617222011787,10.82851046105439,0.0,100.54598046557152
18,19.15792051946105,11.030602249211835,0.0,88.92074075394478
19,18.59242963171053,10.502502278188551,0.0,74.39946111596652
20,18.626883821526707,10.58266700904068,0.0,84.36523307002201
21,18.7930224611456,10.980129935676514,0.0,98.6421349350957
22,18.865982921169003,10.690619699792201,0.0,115.47102586629782
23,18.742170181011858,10.831170245569552,0.0,105.47281241137327
24,18.523474613244115,11.05040326748941,0.0,95.53297039973954
25,18.840096201889978,10.848108560092765,0.0,97.78775691526587
26,18.932321375177946,10.607387594952145,0.0,75.20519687404257
27,18.928728474968786,11.026080886529149,0.0,95.58114817344823
28,18.35182503193746,10.594514869976555,0.0,79.2416431680092
29,18.453197354921752,10.627241005310179,0.0,80.66276479360751
30,18.6738249465169,10.646375305765114,0.0,86.41527161007411
31,18.294784750282084,10.295395790618834,0.0,98.12858956012819
32,18.329871012150928,10.479616014107195,0.0,84.4778982582786
33,18.7097143435454,11.217542755564637,0.0,99.91975556406544
34,18.058382991679434,10.515198816742217,0.0,92.46435034430412
35,18.624253478718487,11.435681886394294,0.0,94.71559658756394
36,18.165599155118517,10.3169168226843,0.0,75.77172515328013
37,18.416004440181393,10.643199199125123,0.0,93.8703759627451
38,18.428188633833866,10.735662244768461,0.0,85.02771321719487
39,19.08379156576072,10.825421842772261,0.0,104.43079823650888
40,18.86475262140515,11.125274677086624,0.0,112.02442888055168
41,18.24906735194256,10.506646461253917,0.0,84.40835172624634
42,17.901785416409552,10.540216739315468,0.0,69.58442082111415
43,18.302997087486073,10.819090390036255,0.0,93.03096297269687
44,18.797433894369373,10.651572902187523,0.0,88.81899717377709
45,18.629399021193088,10.58602611517488,0.0,82.71946456685811
46,19.03718267122405,11.091495216902068,0.0,85.98013814885138
47,17.820281534549444,10.436316971836625,0.0,77.86989546845582
48,18.345220032129134,10.674846903597496,0.0,72.96923569298303
49,18.872863107061047,10.855129653979938,0.0,95.41007962015556
50,18.733426379808233,10.651534812061056,0.0,124.8319983591584
51,18.703001394652468,10.726892107363335,0.0,74.51591405484484
52,18.287248317147256,10.175841047990398,0.0,85.83417795525541
53,19.303826641497317,11.28527265364018,0.0,106.01108408486235
54,18.862588852802865,10.821771154668893,0.0,93.57298132327725
55,18.952518647498174,10.625390934276949,0.0,105.42377441062507
56,18.73105640811525,10.705313955338308,0.0,83.02606233801143
57,18.35806588095304,10.479107508047635,0.0,94.16550283960527
58,18.400233895920312,10.31877488777956,0.0,88.49961546319517
59,19.085801157638386,10.516912950665644,0.0,96.95874175647953
60,18.525018830314252,10.598026244232148,0.0,85.87385714250487
61,18.32719690985516,11.169283564682813,0.0,104.6268469606649
62,18.73766769337096,10.680436224773567,0.0,84.69439795679571
63,19.03943923424516,11.069825008972773,0.0,78.94220829964657
64,18.87226280581116,10.871280395580024,0.0,83.07685615754083
65,18.86002907681535,10.92280229877705,0.0,93.50412973287318
66,19.2947511594035,11.626674057115714,0.0,92.0374005766676
67,18.810576140178583,10.519276258936205,0.0,85.56634215621244
68,19.102363423805183,10.466715278588179,0.0,79.7940065776423
69,18.585857545825125,10.55641054105843,0.0,80.54755525668713
70,18.72322292587848,10.447538964171471,0.0,86.79557612040182
71,18.96498668907533,10.443208798743976,0.0,80.2735350298234
72,18.969632647694763,10.855181101071397,0.0,101.64226869560224
73,19.192170869232434,10.78584462908789,0.0,88.0371195120577
74,18.48717831871188,10.305505944740768,0.0,85.95138337380862
75,18.39443802882869,10.877979080108883,0.0,90.95644082045924
76,19.3547271148714,10.362524205229196,0.0,76.92973458998539
77,18.46622071701666,10.386081795859425,0.0,73.14209213816191
78,18.272757002996407,10.68001690432086,0.0,89.18029380796787
79,18.606087456557304,10.776938202684342,0.0,79.8784151549118
80,18.838924427682198,11.286467455701368,0.0,100.67442095554345
81,18.3025051794603,11.01235637278348,0.0,84.701746438161
82,18.122064294035024,10.76075210684057,0.0,106.23908954042457
83,18.10288972331392,10.474584757489787,0.0,82.13472890941998
84,18.18890629427174,10.810343843024588,0.0,76.53326030296905
85,18.59152977887373,10.914701074322053,0.0,85.52446776361262
86,19.02242034256389,10.445739212517653,0.0,82.64376222051713
87,19.01428336061762,10.890707967301804,0.0,75.57359359900725
88,18.578522016160214,10.806121716904496,0.0,99.7069287609637
89,18.59763890341078,10.42328537980934,0.0,101.64279034620067
90,18.492837146636855,10.655982308097878,0.0,74.38907768562603
91,18.71734920897268,10.74161216941245,0.0,80.50416785776461
92,17.52402342255621,10.538482083030107,0.0,89.40059512198408
93,18.72527584885324,10.922407991963363,0.0,105.18926307481004
94,18.33679647727746,10.767977336496115,0.0,95.55834518084592
95,19.147780864723003,10.586674657394447,0.0,84.7730095751428
96,18.00685189166747,10.412046573008395,0.0,68.96090036473389
97,19.197378985383487,10.805379072890258,0.0,85.73968571769788
98,18.277917606121726,10.330227167095737,0.0,100.1210432563499
99,19.04028186931246,10.877114481388034,0.0,89.0897093525741
100,18.658882369833186,10.71470850033709,0.0,97.35095527702842
101,18.2469835620095,10.774245024245541,0.0,94.1832442230444
102,18.49950457423174,10.5469176443855,0.0,94.80070827638215
103,18.654536089202388,10.343135147922006,0.0,83.8970459647528
104,18.50357987697552,10.583485015818784,0.0,82.31407805072195
105,18.60159916309403,10.566718040501069,0.0,75.31425904591354
106,18.78175417326836,10.74826954368562,0.0,82.98198856937009
107,18.835531429537482,11.061171767868377,0.0,83.10231631348849
108,18.705433997533255,10.686108735664476,0.0,83.6710048062939
109,18.885313741131828,10.741768452978414,0.0,111.42835289108518
110,18.306845296247737,10.881309669505582,0.0,86.40073926874621
111,19.16493840163181,11.264017994750226,0.0,79.98850693552407
112,19.154725674626956,11.284465481478708,0.0,116.5836334655471
113,18.432102701165306,10.850705026982085,0.0,92.6940105499636
114,18.96446224637217,10.696280696626628,0.0,88.35027174266595
115,18.30523432297941,10.822038327972672,0.0,78.2157050272867
116,18.529066217240874,10.968085705105743,0.0,79.13764808191449
117,18.769006492009577,10.575840349468459,0.0,87.81410503162377
118,18.98709540084352,10.837379968323853,0.0,89.1180536027028
119,18.681885215190846,10.706026231405865,0.0,90.97419762732227
120,18.690837304901624,10.855178640373152,0.0,118.87143958875924
121,18.43338914052478,10.380013969687761,0.0,79.86338907972873
122,18.94882913603933,10.87315536259814,0.0,78.83066716329068
123,18.807671682811883,11.221812592141667,0.0,96.55512431751079
124,18.865253012670554,10.236831506875385,0.0,76.70018448192883
125,18.75758586709274,10.75245287868731,0.0,93.85389804800047
126,18.233062088586266,10.357396110431742,0.0,76.92632624866408
127,18.294085073219204,10.413793380209901,0.0,95.81109533633642
128,19.55592979002414,10.72878821909786,0.0,96.23737724200772
129,18.888248697645228,10.82224283012328,0.0,100.19163441173822
130,18.44240936211448,10.767547897015476,0.0,126.51329837141088
131,19.145711459268085,10.72947810865007,0.0,89.25985932663032
132,18.304737477704563,10.62021412380543,0.0,96.86402018435292
133,18.89064027013338,11.093490358140656,0.0,103.8971242188502
134,18.819061225937155,10.6037741609897,0.0,91.31959935714923
135,18.456394385500648,10.963605680908415,0.0,81.70590061460808
136,18.572548955703386,10.764149904746073,0.0,94.86081080030299
137,18.585055976888583,10.90363264957326,0.0,85.73322150348756
138,18.363283594625578,10.557819313953066,0.0,78.9424032541305
139,18.51338457262172,10.727694096591883,0.0,78.63522711991695
140,18.893998160936725,10.837357992934331,0.0,82.99913838820765
141,18.21642295979934,10.597907619902971,0.0,76.467792162371
142,18.48058718156045,10.579880729681163,0.0,90.87361290856487
143,18.636743985465895,10.874105134905022,0.0,88.46931949935271
144,18.79566327988096,11.181840430131814,0.0,113.16494207342826
145,18.282311506241403,10.246021639070017,0.0,94.82919162017947
146,18.74415767568969,10.810192871882101,0.0,87.32970430435927
147,19.19549564408971,11.099594804418677,0.0,79.5660462837719
148,18.03682311321745,10.738799544670037,0.0,93.50968563855457
149,18.631284592588408,10.608810893652768,0.0,101.84585531855262
150,19.13407216963193,10.675878041247364,0.0,79.4105936717763
151,19.269227992359447,11.058252406857644,0.0,86.12420733399897
152,19.170342108482078,11.209695029030607,0.0,102.03210372778992
153,18.280884997181403,10.435304907079955,0.0,82.18180171744635
154,19.346355526801105,11.090588615974164,0.0,89.08197764561959
155,18.959882580755057,10.608372981871797,0.0,81.40257814481035
156,18.842433194038748,11.08394521139513,0.0,85.17048472466482
157,17.924649948382026,10.321859351513147,0.0,74.90064741467545
158,18.989926053886347,10.857298868621179,0.0,86.7439134881551
159,18.927746318589563,10.952504243165487,0.0,83.38547066143013
160,18.55374583789547,10.45232425950149,0.0,85.93771808031889
161,18.89018616228187,10.908294034315137,0.0,95.90858559520836
162,18.67533809045307,10.759146415348429,0.0,81.57006635649097
163,18.922865177733105,10.899635470690258,0.0,88.45925592918647
164,18.4050035767808,10.964126153922521,0.0,93.93366157224766
165,18.840965067207478,10.557492610136558,0.0,97.96724531991951
166,18.139468952054518,10.398018793345202,0.0,81.03801355616793
167,18.371156889419144,10.654669386490095,0.0,75.05164309406645
168,18.551516594160546,10.168174501247773,0.0,79.71149002584434
169,18.61148571795897,10.505799324625446,0.0,77.83816970177777
170,18.810387016571504,10.771784065575028,0.0,110.21399837678916
171,18.112478163375314,10.122500989346292,0.0,71.22437792274712
172,18.697606373112265,11.252652937822518,0.0,97.18702161170387
173,18.907382048514084,10.81269955340495,0.0,94.38967532744114
174,18.51178131422284,11.032121746546999,0.0,100.6722095573486
175,18.28514071268835,10.506837270747168,0.0,70.23493081141663
176,18.309885604513976,10.672872952908328,0.0,85.18103937078078
177,18.504098489404125,10.643160867562237,0.0,69.74967213779885
178,18.805701230221192,10.390751398039848,0.0,88.46094774291032
179,18.627226069795345,10.683525132235088,0.0,97.61570741789458
180,19.267999605055028,10.866945937910026,0.0,80.86039278522244
181,18.822579077844924,11.005656392606408,0.0,90.09178004282137
182,18.90498097715248,11.103119748756642,0.0,95.7873792792942
183,18.869582965679765,11.023729552697654,0.0,82.04022227974191
184,19.227491243350883,10.997711244178218,0.0,98.07077731979382
185,19.05671765314285,10.72145417957953,0.0,99.17218399456533
186,18.80670962074221,10.607070788981511,0.0,75.76860916442365
187,18.63977792327346,10.768289299366897,0.0,78.23518362169983
188,18.7468683312914,10.846350626534289,0.0,106.32310300455279
189,17.940047476042647,10.396948558707983,0.0,107.49700378859245
190,19.113886648524456,10.805911366046361,0.0,94.30834787841135
191,18.75383566462718,10.701334471070563,0.0,87.01332648601456
192,19.260295123387845,11.076635174731566,0.0,96.98253001463638
193,18.765448551572877,11.00743301105708,0.0,89.6265934098075
194,18.321734409332027,10.400480748351656,0.0,73.55321131621815
195,18.876186514110127,10.854797641009728,0.0,91.61871159257836
196,18.812142476784462,10.708463399691546,0.0,79.70238531322396
197,18.562498155399954,10.558744893303036,0.0,88.35656935770731
198,18.712534604054333,10.627095948037486,0.0,94.40277453979276
199,19.01241446316519,10.702644728593578,0.0,81.96402047821417
200,18.500216091766767,10.500262929020693,0.0,82.33727243827497
201,18.960018486951512,11.056562231096676,0.0,77.58010189052897
202,18.659761191662707,10.546745374960716,0.0,85.7511560997129
203,18.932013524060984,10.865486240508925,0.0,87.04784858535031
204,18.438510173312768,10.703543976648128,0.0,110.31019934224608
205,18.882174992854065,10.738768662449601,0.0,86.27124926487525
206,18.670774641452777,10.569130141382532,0.0,76.18183779844993
207,18.39973572427368,10.347435191337029,0.0,71.51402708474095
208,17.955695065823637,10.741187708657197,0.0,110.91680382780794
209,18.977610541109364,10.642461951546487,0.0,90.1354386314527
210,18.84196078788097,10.858660427655247,0.0,97.14003170237454
211,19.021561030292748,10.760488719592114,0.0,71.26175215829124
212,18.663262964063428,10.375805244849007,0.0,77.780655936204
213,18.69831991428235,10.729908853284266,0.0,104.80104698764393
214,18.344345966486234,10.339929351064669,0.0,82.97667701925141
215,18.830443645887176,10.850806469063416,0.0,103.05001141508717
216,19.292293000209746,11.33268004131279,0.0,80.18595283282428
217,18.48723825381438,10.317903610715698,0.0,72.25706623748574
218,18.470539424649502,10.788978679305957,0.0,88.18502907219678
219,18.888743424353358,10.566757393581655,0.0,101.67584410997185
220,18.236282920489543,10.368544272453237,0.0,79.15745936344526
221,19.16489010561783,11.492433343685999,0.0,103.75437906110714
222,18.459411628127828,10.447061114770014,0.0,74.46308796165283
223,18.413784242430054,10.8672080646157,0.0,102.67426743032402
224,19.27925058311384,10.957670497025143,0.0,98.53801200342554
225,18.572150115499895,10.482743155518063,0.0,93.12646909270177
226,18.46402899234006,10.257907217807446,0.0,86.5271663857688
227,18.34143138333702,10.47670419588507,0.0,81.83421321982637
228,18.491869400907497,10.920453651843088,0.0,93.71557493026998
229,18.017600731004183,10.7322231497095,0.0,110.35051266019813
230,18.89650569366846,10.334374031429565,0.0,117.7186452296859
231,18.35239419503163,10.803122283828191,0.0,99.00635812623139
232,18.45157656669027,10.801480927209594,0.0,89.31947291334615
233,18.46597850184304,10.261011293138173,0.0,93.38947582785894
234,18.806711780573742,10.548034474599376,0.0,81.10200364972272
235,18.329448511134164,10.18108722243159,0.0,73.06775404070945
236,18.294472329069247,10.594569378538775,0.0,90.75928966370623
237,18.938959143118485,10.737511428435795,0.0,108.53166648372724
238,18.768997799093082,10.416163399744553,0.0,98.84544514046605
239,18.474632710757486,10.676747489729522,0.0,79.1211519191557
240,18.42665078892141,10.847290508835625,0.0,100.97844266184897
241,18.573053470595855,10.654615665691509,0.0,74.72825455459636
242,18.60739650082383,10.63822095612191,0.0,81.07486429300808
243,19.069283070498837,10.632855393859415,0.0,91.15295806324596
244,18.142253139428302,10.587546428112715,0.0,80.0915982295021
245,18.75821600382652,10.813104928671553,0.0,91.1007605699501
246,18.65755748062831,10.614097795085746,0.0,79.66025104181585
247,18.619590704110376,10.41093582844846,0.0,78.97632668082083
248,18.609910086427075,10.745386105820655,0.0,84.27518319748891
249,18.878826908436583,11.13936281238751,0.0,102.86685994601625
250,18.610582950915614,10.463854369342297,0.0,97.01835633307014
251,18.880529417331182,10.701159735043872,0.0,79.07625403726274
252,18.748003803625384,11.04056154306534,0.0,89.62842246477908
253,18.382462104610013,10.761882433220304,0.0,97.83831995496237
254,18.545901956625777,10.551715200943258,0.0,89.79326347121747
255,18.796723247168895,11.159140435337061,0.0,110.60585617528656
256,18.409780574707476,11.027021971135909,0.0,136.17339619308683
257,18.501493069944228,10.569242239284462,0.0,92.03089312525083
258,18.998906625933643,10.762673603386865,0.0,82.75758243290502
259,19.112085839533034,10.781944182100649,0.0,78.1745453521203
260,19.005760092780015,10.851199027480146,0.0,82.16766279421057
261,18.860084178020504,10.691163670219764,0.0,86.92453590452112
262,19.13423041226398,11.236437830928843,0.0,137.82293822479167
263,18.713274665544784,11.084035619943027,0.0,109.29230379033686
264,17.807278013388373,10.137100215970078,0.0,89.6290513562805
265,18.741037039439252,10.810025004648033,0.0,113.96414331628549
266,18.488392205383473,10.146402644578389,0.0,86.89506935024045
267,18.97945611685074,11.530058111299525,0.0,78.8954428713979
268,18.243060451992008,10.512275976699545,0.0,84.06130491704135
269,19.128611086965787,10.607060050899404,0.0,78.72360539615556
270,18.86665893615162,10.785396968419176,0.0,86.07122744058086
271,18.82438499242416,10.877830650826455,0.0,92.30807323853863
272,18.163354890171973,10.68056909851792,0.0,88.12681839082066
273,18.81470742969718,10.566470867486547,0.0,100.88658658361436
274,18.473920037331116,10.482648906765963,0.0,82.31323079885718
275,17.955585005983107,10.418334004731827,0.0,68.97448335843967
276,18.676010197115655,10.653090771989131,0.0,85.58077314150681
277,18.77292765332333,10.529166396759818,0.0,78.05802791469075
278,18.67501034251687,10.784967394949106,0.0,119.91732855175144
279,18.624759727694983,10.843051198229707,0.0,104.01743308844885
280,18.787549243598644,10.292663051502156,0.0,91.88694024034231
281,18.70387280441747,10.544277702720587,0.0,89.8469992333729
282,18.978223160068,11.095360263435769,0.0,85.37652863081345
283,18.933413458738418,10.458496960222606,0.0,78.74859643029947
284,18.46546101528616,10.891343217588773,0.0,124.93080650881566
285,19.068303111249232,10.8422902701023,0.0,79.01758892666032
286,18.503982007773512,10.943370630055504,0.0,84.07008698811367
287,19.307062528892427,10.863101693685916,0.0,87.70463272863483
288,18.22371407593711,10.348507080621994,0.0,82.34221691940908
289,18.031984542585647,10.551276726473144,0.0,76.60361885983261
290,18.660325779561532,11.071447197901353,0.0,84.64977837012277
291,18.530327729386798,10.704845013471635,0.0,84.31175662987079
292,18.602518520650158,10.652699578079774,0.0,87.91516913364043
293,18.79610467234647,10.3277069592757,0.0,83.89193254882446
294,19.096886742325232,10.393289214046439,0.0,82.57533178440478
295,18.5118288153268,11.143967745611816,0.0,93.30188570711046
296,18.680327087194364,10.704238885073584,0.0,90.49219423783123
297,18.621635432527498,10.307154977424604,0.0,96.23292983930311
298,18.000377136198463,10.454427288023268,0.0,79.67911796587825
299,18.46660207525617,10.866377675021432,0.0,95.00920136049601
300,18.437262793748754,10.44835913065728,0.0,87.99947777398064
301,18.69779891502562,10.667778805644373,0.0,80.40314950806636
302,18.31248421058719,10.853794972166275,0.0,92.05809906818439
303,18.482246114511792,10.664772167261377,0.0,88.51533398536266
304,18.634891376437487,10.72215554081439,0.0,82.23698597354135
305,18.222382243534373,10.334676742531595,0.0,75.84833936460558
306,18.964070613571568,10.808761044913464,0.0,93.13909601269162
307,18.695741366043016,10.801228645745208,0.0,100.71960148935987
308,18.87909092774188,10.74546650416576,0.0,84.67036631190703
309,18.953568065036208,10.60574942870633,0.0,117.51529648977879
310,19.3263203531298,11.119740380355644,0.0,88.22496086242438
311,18.114443264797192,10.363944406703588,0.0,91.47064471503859
312,18.63909438609911,10.41606704211785,0.0,75.58699101674321
313,18.789522811212738,11.122846154940223,0.0,87.38401452591538
314,18.664361500460494,10.493059895224812,0.0,91.97123783533027
315,18.789859603471047,10.59288745151802,0.0,101.2211734149723
316,18.933324982847125,10.897956646008302,0.0,95.07632499765077
317,18.79547657493922,11.00284481469733,0.0,115.8466079420927
318,18.369262245698504,10.844286453192634,0.0,95.69446957459859
319,19.12524104679545,11.17279523645878,0.0,83.38138642332714
320,19.08834852248293,10.496645593015522,0.0,111.48517021607319
321,18.99706459151979,11.148267857450541,0.0,102.89476834833573
322,18.46041468701178,10.950099952452163,0.0,81.30967694751587
323,19.48759413992104,11.169203663719411,0.0,110.730609751063
324,18.087408159762443,10.614851432511344,0.0,82.15824805855146
325,19.103662049546056,11.623547296373014,0.0,118.37749149236538
326,19.130007426208792,10.640873333441219,0.0,80.21877252032884
327,18.791003139643554,10.486402994901447,0.0,78.57821768278356
328,19.040962103023322,10.925845304537301,0.0,96.83398580219678
329,18.69089773269496,10.841655776497902,0.0,83.58255092072491
330,18.360152997999222,10.471789955639471,0.0,78.71372364128052
331,18.833653567894338,10.758773083428768,0.0,83.00092680123959
332,18.729003582003223,10.790114550611415,0.0,81.56346379340468
333,18.670404008765967,10.297890759851509,0.0,92.88391636235885
334,18.912527550181245,11.014952979670912,0.0,94.90243296108657
335,19.120573899880664,10.99947070543694,0.0,99.08420217196908
336,18.653400011548015,10.702558668600963,0.0,89.78910594445975
337,19.08242750462679,10.675912902629518,0.0,81.25316718766304
338,18.832034512881297,11.220371534299524,0.0,86.88658089178537
339,18.871557171843893,11.082554972180828,0.0,120.59730234618993
340,18.81870601544627,10.401384358827348,0.0,82.83967040644961
341,18.6722809976426,10.41612785678353,0.0,100.98600244705386
342,18.056019250307095,10.444160208521348,0.0,93.5260221503984
343,17.5817205593154,10.413741952953636,0.0,82.28505687290178
344,18.941537566076054,10.372628841682488,0.0,71.15776726665104
345,18.122545074443657,10.721006114959167,0.0,76.16898809911922
346,18.9500256411207,10.703414057709114,0.0,96.38528088876674
347,18.43481685717725,10.302140674852383,0.0,82.64243251488944
348,19.269995121884673,11.014602941162957,0.0,105.10857161107928
349,19.00297398623879,11.081791430951233,0.0,88.1288489928975
350,18.371239531363205,10.513820398365986,0.0,83.03231339919529
351,17.70273562344004,10.276871082482968,0.0,87.85449407781468
352,18.826891127066144,10.587880889929691,0.0,79.11583086793732
353,18.957242304662753,10.51849120042932,0.0,80.88242895618643
354,18.47939828848667,10.900727429124347,0.0,109.55440145026363
355,18.67514628703221,10.99763096727856,0.0,102.18388635049408
356,19.21872122313126,10.999461722632557,0.0,88.93092802944719
357,19.377807646524317,11.112957570414892,0.0,85.72914863770185
358,18.432777072878284,10.539835027057345,0.0,77.88522009164765
359,18.73223198709699,10.680783704889198,0.0,71.27361135620458
360,18.55946247190867,10.73438799669487,0.0,87.01965131041695
361,18.400331908987752,10.62614599500904,0.0,79.69301587584697
362,18.659434027078518,10.662349014750294,0.0,72.74980393766967
363,18.578759509336457,10.814448321334487,0.0,82.30714382538656
364,18.86247540282854,11.188258894921578,0.0,83.92947997770767
365,19.015985091893217,10.581918295544273,0.0,83.24745708923254
366,18.986111251676608,10.909201244603018,0.0,88.54332724854561
367,18.894094449466404,10.829855604778045,0.0,101.99245198308321
368,18.593458300153046,10.688708128010289,0.0,84.66544035633618
369,18.19997454471804,10.752697432392766,0.0,85.29860075555587
370,18.794953846260576,10.820549032718978,0.0,87.65636101996975
371,18.384507346783447,10.464641494699467,0.0,86.79687523108657
372,18.321171961013548,10.62356023889107,0.0,86.1356374071969
373,18.387644027680896,10.913705658824043,0.0,104.29014113826628
374,18.523122195877157,10.800497023773168,0.0,87.88108679734707
375,18.83599039365037,10.933639862215628,0.0,93.97710254197476
376,18.537825598065584,10.610603219415612,0.0,83.69448170876845
377,18.495724180178158,10.477760774238938,0.0,89.23764711475889
378,18.748654017205567,10.600703138437956,0.0,79.70324248154174
379,18.48682056310714,10.568092760820099,0.0,77.64678130644592
380,18.489377274936768,11.097808480170453,0.0,83.91718957976522
381,18.131839974009655,10.203560634543447,0.0,85.88849897593927
382,18.262748642222096,10.800017183540398,0.0,87.48986748537706
383,18.67412802553979,10.33216566227091,0.0,81.42659675424628
384,18.497669738376715,10.602088436152258,0.0,79.297330491282
385,18.69416248463957,10.495513630153898,0.0,77.44048589163785
386,18.42714919500527,10.199327315916232,0.0,81.03884723425054
387,18.168737770829136,10.329583240472552,0.0,76.56485742773124
388,18.394365926613112,10.380850763907874,0.0,71.9659546306498
389,18.279042309463424,10.481763356066999,0.0,116.30889075487096
390,18.48654749916318,10.830884634868593,0.0,93.22047511242862
391,17.75398257278647,10.573044927212925,0.0,81.52512271448006
392,18.237164727145853,10.464453940659373,0.0,92.7470363185266
393,19.02015862699427,11.047509600903286,0.0,104.31919855967098
394,18.35275349478138,10.735305375633928,0.0,71.18007992960315
395,18.926396017875796,11.11131766649562,0.0,85.48634599057242
396,18.03827257536191,10.313992982449705,0.0,75.56066778682171
397,18.886578600393527,10.597894688420215,0.0,99.17699577444185
398,18.48617602252241,10.794219429234968,0.0,75.85832473293
399,18.731539812304106,10.748110781163662,0.0,86.69744852537978
400,18.629885035258305,10.553698946537994,0.0,69.72754911937025
401,18.51141154343921,10.849883123461519,0.0,85.43866916090275
402,19.128732768676215,11.05165312389028,0.0,83.3282512538998
403,18.438017445929997,10.739384252576224,0.0,85.58376393945056
404,18.857290384145927,10.933015505577696,0.0,98.17135844884355
405,18.96204467841692,10.944945798773073,0.0,96.08502519317838
406,18.764046175956643,10.8411620536142,0.0,89.51221506155724
407,18.262588881070855,10.26529637871827,0.0,90.27021322972432
408,17.933726167363,10.261786816581786,0.0,77.74014071403744
409,18.69195575308965,10.714449667020213,0.0,86.40221781734138
410,18.40598176596688,10.761924661685748,0.0,77.18514530112967
411,17.777984828021875,10.014984127553987,0.0,92.14785212090804
412,18.492204017672236,10.44780194027716,0.0,89.58041474583585
413,19.3964061578007,11.186271548323004,0.0,104.80017547193799
414,18.31544353955011,10.56571464796659,0.0,83.1508678033435
415,18.203110510105173,10.37460095460854,0.0,96.50611247837134
416,18.89345245709648,10.783285586131374,0.0,75.30823976478267
417,18.288706724385786,10.382351564623809,0.0,92.28372779549298
418,18.894148029383594,10.840865489165191,0.0,94.87955548719127
419,18.8711935451014,11.465309724705504,0.0,95.786559814427
420,18.81678603205672,10.672662126942939,0.0,81.21492318622354
421,18.462079331903713,10.668377119263672,0.0,93.45536776990461
422,19.14264042869464,10.426042543908943,0.0,78.53883307177685
423,18.36513776089711,10.764175389587006,0.0,75.63576542913785
424,18.335235437544537,10.380682711954819,0.0,79.19041224735162
425,18.63956379964061,10.805887563423886,0.0,89.70705524513419
426,18.669617941129626,10.88240637294893,0.0,79.29384417028314
427,18.68031990901886,10.780895568487939,0.0,100.86918733016884
428,18.1649230444478,10.640247866395054,0.0,88.11137997093672
429,19.108630751755218,10.792071787440527,0.0,89.73607977290447
430,18.641008549172355,10.908570911000862,0.0,90.01042538618603
431,18.737334365734355,10.917121117118711,0.0,87.03201120401079
432,18.8903659239535,10.772719448803626,0.0,97.76210652157424
433,18.483260546440746,10.829585913714123,0.0,82.55117984648385
434,18.85285624251884,10.968245350758956,0.0,75.3088424227532
435,18.554238176017233,10.818970240295334,0.0,88.14892510704472
436,19.30290610382545,11.107632122159607,0.0,109.13772563666153
437,18.432032548813407,10.434080449461193,0.0,84.20385851541924
438,18.824962361695864,10.89842634178305,0.0,75.06058308726824
439,18.181828901447687,10.752294999037899,0.0,95.55548123032115
440,18.570246102059624,10.533006061493259,0.0,87.94505267198451
441,18.74375830293378,11.017803465354126,0.0,92.30890621484363
442,18.616455108192667,10.51985531048125,0.0,76.12173071551592
443,18.561304128346368,10.705377586486488,0.0,74.27240209066105
444,18.70686235812768,10.701110548214944,0.0,94.89880389566258
445,18.243897828238733,10.36083253797662,0.0,91.58842954014087
446,18.350452880759217,10.980833306203353,0.0,89.41518793599917
447,17.748678694189163,10.089967322573504,0.0,93.66291861338934
448,18.834258223282287,10.959504758408034,0.0,84.40511936377462
449,18.43785825311265,10.964119837327065,0.0,87.66365569636028
450,18.16467723126495,10.617491243187937,0.0,88.89991711168418
451,19.022792075184366,10.938338105747917,0.0,105.26400340584388
452,18.86936883789576,10.804515081229424,0.0,91.3888025841334
453,18.904078732794126,10.540038707826412,0.0,75.57435249459024
454,18.354104936504378,10.70185714080223,0.0,95.68163930271612
455,19.072897361415787,10.48067764346125,0.0,83.11009066866849
456,18.73354286436559,10.845262814236015,0.0,103.89825288370125
457,18.699961960177273,10.886503348321364,0.0,75.56774748481264
458,18.44486724614878,10.64234041653143,0.0,86.65858644109633
459,18.804784018068204,10.592861112222463,0.0,80.36164951730193
460,18.689072412028324,10.336317742521855,0.0,77.13116938306908
461,19.158499447976386,10.65571383873494,0.0,79.48735568595559
462,18.67920945426811,10.677006917662005,0.0,83.63290253518963
463,18.793822380346008,10.594843083850169,0.0,77.43763818991584
464,18.801787041100614,10.630221695874797,0.0,83.66001818100301
465,18.773706616665102,10.334406296484488,0.0,76.7684416871867
466,18.432525270017724,10.878479090838495,0.0,84.80622567360011
467,18.381965508688165,10.743931606076462,0.0,94.0892657994138
468,19.166466960645582,10.754636320999944,0.0,76.33236154434846
469,18.284144237842348,10.52065838699126,0.0,85.9525807838459
470,18.433400583877763,10.764917335270079,0.0,80.43123521205388
471,18.897695327694116,10.321602427882045,0.0,74.3218261969522
472,18.611830845797655,10.384105700906192,0.0,117.59496664389488
473,18.632468019636942,10.404970277083539,0.0,86.03948392274921
474,19.25529436134681,11.0234783468506,0.0,92.45593178374094
475,19.03836271782753,10.99247154136782,0.0,96.95622105572818
476,19.533411222644812,11.289662257922663,0.0,98.10749622835972
477,19.004740118239617,11.028828010364652,0.0,103.32753717501708
478,18.28524557202328,10.553822078676165,0.0,83.61887577264471
479,18.692062614898447,10.572044638087933,0.0,83.9673659718756
480,18.605805062742718,10.684604609043959,0.0,78.65126839720712
481,17.951758150302748,10.605798747171082,0.0,90.17159573438622
482,18.553229230795896,10.691129207292656,0.0,96.82381487664723
483,18.787703079849123,10.873289153997428,0.0,96.42724032698231
484,18.593950308050708,10.404236802223695,0.0,99.27404226099465
485,17.68029884422055,10.174518564251612,0.0,79.35625951219698
486,18.436612632975034,10.243909393027067,0.0,80.08871538666362
487,18.956904883925567,10.41108294345412,0.0,74.96958746565156
488,18.646272495740877,10.936699767851648,0.0,92.18036681995898
489,18.884183282787923,10.787126671255528,0.0,85.05879354372684
490,18.073438591452838,10.939973814415644,0.0,88.63684663736481
491,18.94283758399766,10.80040784974483,0.0,81.37187584375354
492,18.810745611682172,10.73703987960065,0.0,76.83624950186373
493,18.711627888593437,10.893775080769942,0.0,97.17746704919678
494,18.3336550611028,11.060029270006696,0.0,95.89136848313402
495,18.11881051857866,10.971238746055205,0.0,114.26156720366242
496,18.97208949800417,10.476980210651773,0.0,85.71804312045526
497,18.47713353851252,10.657242927003733,0.0,85.50226439793245
498,18.90207236446522,11.256567275231173,0.0,86.352035528913
499,18.72989328738408,10.728432143786536,0.0,102.45355073093839
500,18.76348588852941,10.54983522298991,0.0,78.09652277823808
501,18.85402950754924,10.744907425530144,0.0,86.27808347457037
502,19.178855922339714,10.889400230377866,0.0,98.50397132969499
503,18.943842643838167,10.875968681284318,0.0,85.37912007945485
504,18.815813814447967,10.943360352554308,0.0,111.0926517039828
505,18.438507578167986,10.796131749850128,0.0,75.04704575595429
506,18.27971460038949,10.278349888172421,0.0,76.47592156102485
507,19.004565656341622,11.133777331156589,0.0,108.77242159716997
508,17.93713037956826,10.595547766979179,0.0,94.06515379904833
509,18.84857726550996,10.753037366600088,0.0,96.47430751374357
510,19.111879229044657,11.279299024529717,0.0,111.79538689302186
511,19.4682119756218,10.67940302799853,0.0,81.3582030784169
512,18.886692788033955,11.004139414367133,0.0,89.29014894994397
513,18.625595800317477,10.256392992077615,0.0,70.58052445210811
514,18.54702550808045,10.844706945553225,0.0,108.44326014837534
515,18.346315579250984,10.370597819465143,0.0,91.0887886183254
516,17.90473123947244,10.564320178193094,0.0,79.20958341172978
517,18.533419182489457,10.61741840510542,0.0,73.26019600627518
518,19.310455031396543,11.04678437182592,0.0,130.70418141339135
519,19.59827056484687,10.726189521169145,0.0,97.70279716045737
520,18.44301818347362,10.58985518048697,0.0,92.79671933262047
521,18.97696330722883,10.855786843588145,0.0,100.92955049868118
522,18.365790412679395,10.590288094549052,0.0,90.27986957878463
523,18.23597394799366,10.8371452398711,0.0,80.34927464748732
524,18.36034375590077,10.497981109056992,0.0,94.4288580558963
525,18.27310075555144,10.481924430816052,0.0,83.8760473923804
526,18.29396897685216,10.490310088077365,0.0,89.14663898523247
527,18.266009752624573,10.178847968757767,0.0,89.2562977166675
528,18.552114350895,10.76276328373175,0.0,86.92475034604705
529,18.565947279733972,11.035136693101666,0.0,89.96432675962896
530,18.62641388996579,10.522424920180043,0.0,81.52331472101001
531,19.003746265537718,10.360417614937418,0.0,76.1457787269626
532,18.373736427698216,10.47473616128508,0.0,73.27715485981305
533,18.514346488094873,10.832004888305129,0.0,82.41416829733143
534,18.84443844226237,10.369599206372826,0.0,83.63894452949127
535,18.60358815539623,10.741448336957227,0.0,111.01279667371907
536,19.107680283575917,10.75674340155711,0.0,91.12645768126087
537,18.740834437574986,11.00097259155111,0.0,87.94276577747695
538,18.20916300440939,10.05384159306751,0.0,87.91506206841999
539,18.93482906369191,10.751855409646495,0.0,72.10888797834504
540,18.38778070659253,10.56827556308488,0.0,90.1130146043026
541,18.239411601337117,10.884569124884353,0.0,94.88747813006378
542,18.93255958149276,10.911259623609853,0.0,94.91034975206367
543,18.880407190921,10.61322399503615,0.0,77.32354780264231
544,18.626111171536728,10.792825000287293,0.0,77.09360383605356
545,19.342518337904174,10.659643783663194,0.0,90.83605789744394
546,17.8747581534376,10.6186865805513,0.0,108.88969426102943
547,19.572811482750065,10.621208202478407,0.0,80.70738974192847
548,18.075669681829332,10.793115745899748,0.0,85.38924262111759
549,17.83029973200121,10.346050044986585,0.0,79.14041541244652
550,18.90830437876435,10.26471378229763,0.0,82.44893857996317
551,18.409328484555747,10.442302440072147,0.0,83.52554243931789
552,19.037094395295647,10.565408990016456,0.0,83.74592095060638
553,18.926006796086806,11.105837520613813,0.0,91.94009037841616
554,18.4852781019547,10.851633628076463,0.0,96.58634733154943
555,18.476758387749125,10.323599272620516,0.0,84.60567975198288
556,18.098153703557482,10.23648093642155,0.0,90.30169091608506
557,18.382501299852738,10.933472653828632,0.0,85.55200826134083
558,18.4425717049847,10.784042758814614,0.0,79.22578937894977
559,18.804495893054124,10.98817883398351,0.0,86.25486593447768
560,18.18378915514206,10.633165177671339,0.0,84.94167505571352
561,19.252850183872766,10.786499374775099,0.0,75.8948904713071
562,19.212845649315838,10.955048395470769,0.0,83.6538509335303
563,18.810691790385118,11.085102862820964,0.0,104.31946830239812
564,18.884573795696365,10.470601479904877,0.0,77.82009151926941
565,18.902187239743064,10.669484952035559,0.0,77.52791645612524
566,18.928624266244555,10.81611302092569,0.0,97.5999944543957
567,18.95697439322184,10.892652361643707,0.0,92.90946767470413
568,18.182871751768012,10.326548142598243,0.0,75.29665546523401
569,18.860626364965114,11.059313423069952,0.0,94.62049396432907
570,18.78920467978954,10.306685383546002,0.0,73.15971394359332
571,18.758397979505276,10.453230477617728,0.0,83.0843275766205
572,18.470330290727592,10.647335394819235,0.0,90.5317417246283
573,18.834159112983713,10.792686442275645,0.0,82.29632293847861
574,18.724147559274964,10.912355204467872,0.0,97.89018321489556
575,18.10385633602204,10.530804045513053,0.0,84.73795567175506
576,18.782708888414323,10.796961554373887,0.0,103.72225261897171
577,18.24824444967106,10.652154822528635,0.0,87.98510285571321
578,18.786897994769777,11.019494432337218,0.0,101.67396801249556
579,18.60151412178293,10.879505122219685,0.0,81.8619284562021
580,18.66627170040828,10.89839652451811,0.0,94.71131679126161
581,18.420208680154982,10.408313919683543,0.0,80.16452081353368
582,19.49030423620274,11.094032852809631,0.0,76.24944588261873
583,18.578068553867105,11.148420010965024,0.0,89.55002987894932
584,18.88201601492406,10.778743938328647,0.0,103.44973862792224
585,19.286101930835695,11.549880311597697,0.0,103.08492209588589
586,18.93658496562721,10.723241136219128,0.0,105.73416002426198
587,18.767457937501433,10.701459207623163,0.0,81.56507127527398
588,18.799771120214608,10.896308031925118,0.0,86.31096886336609
589,18.79959075518163,10.817473726444495,0.0,82.6409336585409
590,18.351483601181055,10.64260589527853,0.0,106.14665585529747
591,19.207534734840685,10.431749993826534,0.0,82.98207666843149
592,18.372274170299836,10.816450195552697,0.0,98.96526813866794
593,18.53723972496199,10.612105917016503,0.0,81.56493128166503
594,18.117836904706778,10.390221397332503,0.0,80.69930026127588
595,18.57499819855961,10.456615282425991,0.0,96.26904087509061
596,18.691317895983182,10.93225300644312,0.0,105.41558156729367
597,18.669814657389942,10.51694906031616,0.0,77.74543470872001
598,18.2069372092417,10.77775577344373,0.0,86.40093658872803
599,18.424729817879467,10.470246215244268,0.0,83.11134310101008
600,18.280262142356165,10.490862986111258,0.0,102.22602912729242
601,19.33791405987725,10.742598444739135,0.0,96.81246544038109
602,19.01050422777483,10.749401311745105,0.0,85.25580193830339
603,18.678559272024355,10.796939234942142,0.0,93.17506952325701
604,19.23943640831787,10.758206275076214,0.0,83.22323477508104
605,18.3541732192493,10.879866782244417,0.0,110.79599024661762
606,18.90010232825879,10.920647408507326,0.0,106.05952044593664
607,18.95799826412739,10.619308782689274,0.0,82.49629840450432
608,18.55749870006812,10.888704055019305,0.0,94.01191895408469
609,18.505779050001518,10.424731988918305,0.0,75.4329560955397
610,18.91119015999223,11.236522702260082,0.0,151.929781775877
611,18.48039665634474,10.375119312711654,0.0,105.46933032599449
612,19.50482784370145,11.218371466264687,0.0,88.1637539809236
613,18.26855600340755,10.571696618803884,0.0,93.35510002277181
614,18.85130526479361,10.590469191709873,0.0,81.76833583546056
615,18.416197965798435,10.178082203151051,0.0,77.14217785831312
616,19.51329147020599,10.84724641720043,0.0,81.17007044253003
617,19.03702548063586,10.838173734199104,0.0,92.46880847004502
618,17.955830009713708,10.545385968193132,0.0,81.66272711360818
619,18.44833594540818,10.941861900558678,0.0,79.1116687544105
620,18.322816097934037,10.11500626946835,0.0,83.6534968674787
621,19.021023530096112,10.84214437918167,0.0,123.9897406059988
622,19.17002184858169,11.048286157249182,0.0,98.78464001807438
623,18.970519870060702,10.42764416532194,0.0,89.80465990817163
624,18.167873255974857,10.593241879628897,0.0,78.31388294079164
625,18.215742301387763,10.149257850365577,0.0,96.46640048153978
626,18.094406351577046,10.768877626371475,0.0,87.26225964396264
627,18.792024543912422,10.692262916304568,0.0,116.87594975144162
628,18.522509021381563,10.543670172207074,0.0,80.90850874278948
629,19.249851318121312,10.984027944074612,0.0,92.74776296251918
630,19.09674195948598,10.949725985126971,0.0,94.5410395572299
631,18.038304762780506,10.056590524453316,0.0,102.03277498905213
632,18.46685654748024,10.237048031545525,0.0,79.3216911787479
633,18.84398435112073,10.58315024859777,0.0,97.60914488385791
634,18.753587510777333,10.773328133282602,0.0,93.4263698218673
635,18.671163802032073,10.529875591832488,0.0,86.12287444590304
636,18.569496379551207,10.44328545224367,0.0,72.01304439843102
637,18.305409225737716,10.528426369475653,0.0,81.7404736615317
638,18.461399895728754,10.82108049506992,0.0,85.93831808959726
639,18.870578335579925,11.06441957237166,0.0,85.89470061644269
640,18.46002015585295,10.865178241451753,0.0,97.61252579435198
641,19.084606350039905,10.556112853487885,0.0,79.8349892461483
642,19.309818091790927,10.643791342778327,0.0,87.00521231296295
643,18.37952933810713,10.727940660172862,0.0,87.25990286799185
644,18.468445065270664,10.470199289508543,0.0,75.594818345498
645,18.436368028614773,10.925015744752269,0.0,77.39538769878527
646,18.669454942171686,10.812480215887831,0.0,91.31766480469167
647,19.283076009921523,10.702060557278143,0.0,99.83099291994365
648,18.307625887203155,10.402160610755223,0.0,77.27054056553325
649,18.343093054393613,10.630823021712972,0.0,82.1795928498507
650,18.843362989274894,11.3529965656254,0.0,98.6927597417417
651,18.736507032407708,10.68410996501566,0.0,88.1931727059175
652,18.797892317287477,10.900965506713847,0.0,89.8855561831001
653,18.49127036081523,10.728144303722441,0.0,81.75727435371226
654,18.96156451115262,10.749913658053341,0.0,93.45675210640712
655,19.2575698280945,10.671495055192604,0.0,84.85252114198734
656,18.635708986582102,10.669315683175043,0.0,89.41259119181223
657,18.523741822580515,10.711838910555858,0.0,108.38010668047121
658,18.498590318979254,10.801803303826139,0.0,96.03483130855551
659,18.16079898727903,10.201276551399404,0.0,80.52513564325571
660,18.9350040346125,10.955586810604022,0.0,101.16879200852419
661,18.729672518851018,10.803194303523286,0.0,90.26067569404685
662,18.988317093470478,10.714562669850931,0.0,83.77634687230227
663,18.4048250630702,10.91546359008405,0.0,100.72482924238825
664,18.55107764081904,11.070463239088166,0.0,98.48805501633629
665,18.233297207648153,10.608845004544238,0.0,80.28938343878461
666,18.479978297435,10.523920169680556,0.0,80.12756069694338
667,18.0300179893391,10.95490716952704,0.0,87.94207292418086
668,18.285416027224528,10.452475391088347,0.0,82.9074946777756
669,18.347323267923418,11.067153966128492,0.0,93.73602000439584
670,18.284754041085066,10.879893495036203,0.0,77.50092344288879
671,18.286797991196295,10.81791661935605,0.0,76.6912655524642
672,19.036164608946113,10.97727801171052,0.0,89.95240770737254
673,18.13258325008979,10.259635069765679,0.0,72.10067895564355
674,18.92806866245121,10.469824994795148,0.0,79.80841911869517
675,19.216498877490533,10.884266150280055,0.0,117.16409714483923
676,18.10931981818,10.77989893631852,0.0,90.10950253889025
677,18.326299540033105,10.515680505668987,0.0,80.59104153835645
678,18.65859538913363,10.790165444941179,0.0,89.79402873861525
679,18.110740080069274,10.289769073881686,0.0,68.81197723642589
680,18.656647994448168,10.63030640352795,0.0,97.2908164917396
681,19.3512553909111,10.440888052996105,0.0,81.65363809361824
682,18.186472251982345,10.216814612513685,0.0,82.39700740812171
683,18.044999266446304,11.002454110788733,0.0,80.10566470200862
684,18.487983396529533,10.826934456934467,0.0,99.59645174560856
685,18.75896852255035,10.945580769641474,0.0,91.29724229713348
686,18.668343517039112,10.205018981627509,0.0,72.94329807399203
687,18.9623887901812,10.89113079529073,0.0,99.20512934410154
688,19.631594277502924,10.876855961035535,0.0,94.59857045129937
689,19.234647019780713,10.60493236007806,0.0,78.74498139349932
690,18.52589621830598,10.577206938514404,0.0,88.79456840980372
691,19.170474499078868,11.253627892767465,0.0,94.86483974132062
692,18.632059366490324,10.453337115136721,0.0,73.96624664198026
693,18.806823582756042,10.2897529243976,0.0,78.95976825983487
694,18.502222199894135,10.313761167676786,0.0,85.10171544851003
695,18.795619138636535,10.907753594997516,0.0,85.13531655827377
696,18.89481010085562,10.763311367892165,0.0,75.0082448866163
697,18.740591332403575,11.087085586481555,0.0,83.08543497952243
698,18.604764176696033,10.50680720934028,0.0,72.22827281102887
699,17.893599759218723,10.65183455726618,0.0,78.38753903459798
700,19.15440126186943,10.794661786727211,0.0,94.66713455054983
701,19.151984124779418,10.528142237110556,0.0,73.72820878895625
702,18.797472062778336,10.42627497333089,0.0,80.453237891327
703,18.589608175412444,10.81809419597877,0.0,84.56332727515594
704,19.007204553497882,10.764246992175698,0.0,80.58950076184546
705,18.96264299725016,11.074341590852374,0.0,94.48520935428444
706,18.132147261232316,10.66577117257149,0.0,98.25698617563248
707,18.822469339867865,10.833217024455324,0.0,109.520218197696
708,18.46482728283655,10.239414915496477,0.0,81.45541605651712
709,18.117047131907132,10.432954284611228,0.0,88.89490319228139
710,18.398536414616785,10.59218489959345,0.0,79.77837045540667
711,19.067034124321136,10.921532406689156,0.0,100.0197381041049
712,18.01757035514488,10.310672140757015,0.0,87.33100591998533
713,18.812568729852124,10.55105447287275,0.0,71.73584916201048
714,18.690249073884512,10.87161444117295,0.0,83.28174888396785
715,18.182270940163022,10.747794110044094,0.0,89.50152494147238
716,18.370430430633903,10.306112672708572,0.0,67.18554906488792
717,18.149128543551505,10.655710614277666,0.0,83.69065413949235
718,19.019130931027195,10.832813230343792,0.0,97.70198479996884
719,18.072975592067422,10.18292069981051,0.0,80.42206972650149
720,18.513579339800952,10.456156638118802,0.0,72.66391859812637
721,18.440220038364455,10.028080165261525,0.0,79.30288454134221
722,18.67019916754709,10.66932665050087,0.0,77.09047979728533
723,19.193257041111302,10.741503250977825,0.0,103.36089424854416
724,18.610088238174622,11.084232718095299,0.0,118.69655047964747
725,18.51383649520824,10.566485558054875,0.0,86.83123112500749
726,18.50892464251064,10.657302054684772,0.0,95.17406951044707
727,18.412931832135374,10.542168817092685,0.0,103.33965987018516
728,18.87950116722298,10.8781517018197,0.0,87.54315828681295
729,19.263562228751912,10.6456538962622,0.0,87.38796170002716
730,18.49301052123452,10.809270382640532,0.0,88.00166571196321
731,18.162292753070485,9.951159249549473,0.0,69.89723353107891
732,18.2665596582844,10.73137893955243,0.0,80.78798816158674
733,18.426012984850882,10.641730356589033,0.0,102.39830875374463
734,18.988012554605273,10.468164415743606,0.0,101.49952225377952
735,19.41828464574743,10.791021061171099,0.0,75.29785457290726
736,18.620078822398124,11.380909726582658,0.0,103.43875840103999
737,18.5165142124057,10.915506402222583,0.0,90.93182958542948
738,18.47361236803453,10.603382426112638,0.0,86.38431078403428
739,18.432600738060856,10.824883369575591,0.0,89.43922135964775
740,19.10804618270929,10.73734755439137,0.0,79.60706868785468
741,19.299232998912675,12.026187220695675,0.0,99.22335439257814
742,18.87049104295961,10.488425014346989,0.0,78.97100134378921
743,18.513254108645153,10.91892300634039,0.0,84.90985952177118
744,19.16013258771111,11.0744794165953,0.0,96.1000023845624
745,18.499846337809334,10.475553705638257,0.0,87.83678896810513
746,19.05318818870382,10.762459031814725,0.0,83.92751931388875
747,18.950862452518496,11.077174688480818,0.0,76.18918819173962
748,18.02090198128779,10.501759658841067,0.0,80.97338701960189
749,18.62076744821897,10.71996961080666,0.0,90.74992888046273
750,18.946595040901812,10.33712370194658,0.0,75.64329868856058
751,18.426170779741696,10.799512585305425,0.0,82.712635164673
752,18.54574770314121,10.432054698106612,0.0,76.90673658910337
753,18.82578242898757,11.077915958412136,0.0,93.01970006737298
754,18.650035138650946,10.706752113844079,0.0,80.79888080891831
755,18.661855800595117,10.543536490922992,0.0,70.48176838080781
756,18.641002861902557,10.798288520114964,0.0,110.37266152747509
757,17.99974694168157,10.626518142969568,0.0,92.7923497564943
758,19.268390097667886,10.500949288314454,0.0,85.70640543712861
759,19.028266347557807,10.689604390275843,0.0,87.41227521338028
760,19.144287141500122,10.96117608813153,0.0,92.09803882187265
761,18.833959916060618,11.014500545012577,0.0,96.27710949500674
762,18.33314930420415,10.214266685609683,0.0,63.45047488724151
763,18.48242361208621,10.680602871940847,0.0,87.7878244486713
764,18.156205397179072,10.353166353785276,0.0,85.15001541461629
765,18.7991757764314,11.259902989686154,0.0,79.41359450713819
766,19.14214187244401,11.153291222498343,0.0,96.25145815102134
767,18.912909651432187,10.56281974304061,0.0,86.43598374868154
768,18.907228765200262,10.541313723648061,0.0,68.56102564859717
769,18.539572022636982,10.825565561671839,0.0,88.72398637833439
770,18.04997054449486,10.278905114107852,0.0,90.75962940818704
771,18.39390916287076,10.196250636406704,0.0,70.87012486354348
772,18.470261655816934,10.590181755283107,0.0,83.46627718944293
773,19.03711623499476,10.697580848130455,0.0,104.23798990802915
774,19.207230751161262,10.748933587684254,0.0,82.68040895371348
775,18.010197037222447,10.740721164177844,0.0,92.5255536466506
776,18.805354621928412,10.507306108324507,0.0,74.37930138328349
777,19.06963668262456,11.134244408384916,0.0,85.41734644129511
778,18.99289123342863,11.02021842123276,0.0,86.36621389085587
779,18.0640713655862,10.802978289463987,0.0,100.07718300594914
780,18.703931875203082,10.741277269193327,0.0,84.84618910594077
781,18.46259117503751,10.564083326468339,0.0,75.00692075966575
782,18.588115185377443,10.303850726833124,0.0,73.18774964073275
783,19.16944187617522,11.055652443612269,0.0,94.02228397395356
784,18.610515332962116,10.444289705583989,0.0,80.87354450605518
785,17.228182582444546,10.270636138914696,0.0,91.81063309636525
786,18.871375791388665,10.663769982822991,0.0,88.67134798347945
787,18.609866864202814,10.690594643764152,0.0,86.51662510031018
788,18.53692057582007,10.632189818183793,0.0,88.00215691021242
789,18.410111279551312,10.654188452655339,0.0,83.05551040601313
790,17.886023422985552,10.246659939403697,0.0,111.58513686489951
791,18.30010981494231,10.515944080541852,0.0,96.5772344928947
792,18.857944962579303,10.475980708056294,0.0,94.05453111761918
793,18.25312843345689,10.77152064621241,0.0,92.47602152359022
794,19.0815460644606,10.691978787052511,0.0,106.5382560096386
795,18.803791675933134,10.77872364490858,0.0,93.41034639712464
796,18.606567855631464,10.109682358230163,0.0,75.5403633592938
797,18.933466750946728,10.556665113652016,0.0,76.37520899148521
798,18.39393472179096,10.687331475002694,0.0,84.16050035403612
799,18.254914222051017,10.454901836083796,0.0,87.58617945559041
800,18.99474977692985,10.676661090173289,0.0,88.63366222133483
801,18.16204177005095,9.917812627981686,0.0,76.36212739220113
802,18.410228102652248,11.074844346026717,0.0,97.1155743448773
803,18.885915416281787,10.699852638623115,0.0,82.92800039538805
804,19.20391484067447,10.771564875190993,0.0,80.74259380732826
805,18.6855500374326,10.808153040943806,0.0,97.35830237940814
806,19.053320318980408,10.98973692454548,0.0,82.99524182622318
807,19.025298371493047,11.006346080135973,0.0,104.12112034375663
808,18.07615793080684,10.542437488290005,0.0,94.22155531238339
809,18.907857759652146,10.646293432104608,0.0,72.70602767285908
810,18.20601287096965,10.602616282650896,0.0,84.52864343321845
811,18.427536290323587,10.953372825100924,0.0,93.50731922788144
812,18.977003216533753,10.756825334756146,0.0,89.40667009870377
813,18.51549101952771,10.791707975680504,0.0,130.90275963838684
814,17.94140049519805,10.742633749938326,0.0,77.76536601484675
815,18.42707713481827,10.721016973488984,0.0,83.18840594819514
816,18.59320121040933,10.24845364596177,0.0,68.38402893429243
817,19.465126423888297,11.791712272901645,0.0,116.32147040263958
818,18.208321989279778,10.456984625208413,0.0,74.21902413098287
819,18.892833532113347,11.027268591944027,0.0,98.36300378917477
820,18.768336273642856,10.880067309690599,0.0,103.90474533796592
821,18.853120722529116,10.599096326872049,0.0,91.43610105252795
822,18.94794457983287,10.580797154242575,0.0,100.39725070910517
823,18.492044400453583,10.617264963400745,0.0,80.16461980898961
824,18.53049174047329,10.583195646081853,0.0,83.20319309037265
825,18.617246736432545,10.415865932010256,0.0,85.76465073092032
826,18.47767211845101,10.88832606854914,0.0,78.29362541568452
827,18.812762952369766,10.983279088904093,0.0,91.03850866669583
828,18.785572337895765,11.321504296419048,0.0,106.57670752068648
829,18.28506248812467,10.088818701957546,0.0,81.65744918118321
830,18.74441361024118,10.982141326174274,0.0,114.80283310330299
831,18.745951411913733,10.429108057971495,0.0,84.64781786063632
832,18.512070928937845,10.926808262155232,0.0,126.17438621765825
833,18.755101809821813,10.820974715366123,0.0,107.31219435718252
834,19.266480483104097,10.898079640739752,0.0,91.90109490990667
835,19.185576223314573,11.012111417625311,0.0,95.20876308172141
836,18.55496634873656,10.821758416183753,0.0,83.70106737312855
837,19.246921725881997,11.046664241752893,0.0,87.16211233850524
838,18.200945259051707,10.424845775283337,0.0,80.46566906784834
839,18.369832144084803,10.868312321819788,0.0,107.83813717220676
840,18.537087847857915,10.62201245715511,0.0,74.27643909082256
841,18.208782792864582,10.370675184492965,0.0,83.98890559277912
842,17.969897327960858,10.387279125016613,0.0,76.81745518224236
843,18.323762811196044,10.800781379034397,0.0,100.1042235598952
844,18.649500697565706,10.820419220171683,0.0,91.34272362681958
845,19.15144813699804,11.041546157606863,0.0,97.0246041191952
846,19.164542426930474,11.067052976320005,0.0,85.85132860812203
847,18.791595879922436,10.711249926221313,0.0,89.47555742671695
848,18.24351630103034,10.067427091083875,0.0,76.3363977252821
849,18.800850546722373,10.82673160861588,0.0,89.60707182310789
850,18.583173950606803,10.70642348221455,0.0,86.90642159960711
851,19.021919570923597,10.6051676830447,0.0,86.24546885916283
852,18.685220964167446,10.75997106785178,0.0,93.61154040104883
853,18.714248476136675,10.31534847165443,0.0,79.07172858365381
854,18.696621552541565,10.340947764959834,0.0,75.6046293813572
855,18.397179647387272,10.469859867571447,0.0,75.50881710613683
856,18.563790760551313,10.789043941004612,0.0,111.0635902676778
857,18.394027365653525,10.897178958869105,0.0,83.72489856827147
858,18.571277269510492,10.499163018352696,0.0,81.94377698049513
859,18.88537983300888,11.123346749878184,0.0,94.45995484031948
860,18.56945706969457,10.666510020194028,0.0,86.37605224221821
861,19.18617731523756,10.84020239485585,0.0,89.94880608743753
862,18.3692672860257,10.051680558583667,0.0,73.11380951929539
863,19.176843573130842,10.531254970545485,0.0,77.96063606363424
864,18.7489426495931,10.658866032188202,0.0,79.11302211937186
865,18.379953670580353,10.590088709064673,0.0,83.19575241895723
866,18.308060865728393,10.592488345225377,0.0,81.3756653134405
867,18.48540746870829,10.587792726060737,0.0,90.56547733089184
868,18.071367753083862,10.474649406127442,0.0,85.3203126776958
869,18.690184343212024,10.833801881532523,0.0,96.33575116044513
870,18.559598591634348,10.83266549382093,0.0,79.20739791372446
871,18.419650212568182,10.707426919019001,0.0,132.63585903208718
872,18.588242979789946,10.422482292938373,0.0,77.71322608468876
873,17.991822566596337,10.334670866747828,0.0,86.5890566135092
874,18.77547248096624,10.714502506224616,0.0,67.62686329455195
875,18.190672665745357,10.192585205664512,0.0,73.89995341830581
876,18.370398065013877,11.0761354001325,0.0,102.2340464788715
877,18.143312568719203,10.485013448417854,0.0,73.61331626836684
878,18.908572101705598,10.678357833084801,0.0,111.76411434630995
879,18.15368449188265,10.658260628406397,0.0,74.07399301842071
880,18.777140355190983,11.055122217187206,0.0,81.18016364224951
881,18.947661377821557,10.837629318236548,0.0,98.16349044621707
882,18.085104596629087,10.112674504277898,0.0,78.97506544958638
883,19.149398599277387,10.636903201679432,0.0,102.44134521703589
884,18.654124968785464,10.743678846650973,0.0,89.36951458461748
885,18.812358245384782,10.836706725743902,0.0,98.65892914514583
886,18.870840436638694,10.809025857895941,0.0,96.62494416412238
887,18.809187815112647,10.801888167074507,0.0,91.78511508453778
888,18.28534292790812,10.787522519252176,0.0,95.08670554193858
889,18.007556238662044,10.442799933666029,0.0,96.37030608595963
890,19.197680593408244,10.702662335547545,0.0,90.36772762566667
891,18.526160622874883,11.073094057548325,0.0,73.5109093987559
892,19.053800342025635,10.955804539146122,0.0,94.79339218220503
893,18.352090679801506,10.402332553995242,0.0,81.89013326136347
894,18.57994319026362,11.04064386667388,0.0,112.95016536787935
895,18.729389072820457,10.502547876606497,0.0,82.20102176482467
896,18.826562984327424,10.920211608174444,0.0,75.21411994705329
897,19.310861620887728,10.952914325829994,0.0,90.10827993622007
898,18.284071723061395,10.812972482656809,0.0,86.4903734418348
899,18.761738332793602,10.585472987272952,0.0,106.84192564521541
900,18.692173532876918,11.145364913061126,0.0,81.68415350982559
901,18.619543417384683,10.811998385904845,0.0,119.83503097347847
902,18.922642043598334,10.913555215853815,0.0,96.96638740297333
903,18.740565059684897,10.89646362498549,0.0,86.38128703496938
904,18.85575435411122,10.966850089000365,0.0,106.78251867859967
905,19.0993637374478,10.910735631617294,0.0,98.26126325335714
906,18.07314112323875,10.545923605531623,0.0,78.5389661454555
907,19.026444114827164,10.89977332701717,0.0,113.72974647319975
908,18.185827853932203,10.54831809162725,0.0,109.87134932322779
909,19.00920908003558,10.945491835599999,0.0,95.2504062993451
910,18.353622431544316,11.206237929469655,0.0,103.5459466930501
911,18.29745723911534,10.670544023079968,0.0,81.53112993788231
912,18.94327431594792,10.743185659626839,0.0,93.61837712678829
913,19.079608931007503,11.12773446455143,0.0,79.1788162720006
914,19.87238965718452,11.323648465214346,0.0,91.78839408100335
915,18.662927292610025,10.780663304724957,0.0,82.1810563513139
916,18.934051478918324,10.72575092131462,0.0,78.18259178734316
917,18.79292610127176,11.076172036596235,0.0,125.96696843617028
918,18.28310455828327,10.793507936143943,0.0,85.477110381892
919,18.38303533434701,10.819248866933405,0.0,92.9301385308911
920,18.988236182294234,10.987104276787123,0.0,90.99946090414731
921,18.566154393849757,10.584119472256479,0.0,75.00880105782687
922,19.735822020255107,10.955313452582551,0.0,98.72802374906321
923,18.85572372063637,10.38815202678122,0.0,76.46757503001686
924,18.999500398109447,10.632054014414354,0.0,84.31733041397987
925,18.573519479531,10.499345675114684,0.0,94.4405303584123
926,18.723262170768866,10.893517623016685,0.0,81.27046310421423
927,18.775381376823113,10.554972756931186,0.0,85.7523962455258
928,17.93745022799433,10.681446194036768,0.0,81.8021523073385
929,18.624325550797412,11.056182847058325,0.0,104.60487608081624
930,18.63723060417081,10.974722293995807,0.0,99.98252167163696
931,18.898881275374194,10.8849927270709,0.0,96.71840287397353
932,18.045853863729757,10.924161782627614,0.0,117.66814410644395
933,18.13504556020875,10.420780033035495,0.0,73.06331683181908
934,18.544298090320172,10.647396554683919,0.0,78.74530402208924
935,18.30421354676815,10.63835274819275,0.0,106.4516245199514
936,18.53355690408057,10.531345504220251,0.0,80.75055485644033
937,19.64943731057676,11.118659291986527,0.0,89.59752698220828
938,19.010158599284154,10.711287993007028,0.0,84.25836423422831
939,18.670145317661223,10.96694186370546,0.0,83.6840159339205
940,18.955968110025022,10.574767173401378,0.0,78.41498148906959
941,18.83509943166745,11.130310064955465,0.0,109.60770243974036
942,18.939791913661576,10.733933500176471,0.0,85.30122055709305
943,18.41519740779203,10.708322664129044,0.0,77.82454632443181
944,18.6787699828929,11.118782807442413,0.0,87.47320266840214
945,18.657301500775528,10.332754303298056,0.0,106.59907804639926
946,18.81481613954409,10.642856898950392,0.0,82.00754520996952
947,18.632427979703984,10.940007574584419,0.0,82.81721102293541
948,18.967386124434995,10.915089708889116,0.0,103.10226038381029
949,18.339636964902578,10.861771867388354,0.0,88.64079747661864
950,18.80226251502408,10.785575587435071,0.0,107.95250782524937
951,18.860514140728206,10.693508729271896,0.0,93.95951237575414
952,18.23175126286118,10.439053004937977,0.0,95.96387366075831
953,19.13396132430128,11.079404140451567,0.0,99.52313552040007
954,18.173722859512797,10.634567617589724,0.0,96.24285373290874
955,18.44405564079143,10.6093703749986,0.0,72.64478706399836
956,18.535106501344192,10.561703695475579,0.0,80.5983386346159
957,19.23489378664612,10.531300593426002,0.0,81.64523135865454
958,19.288700185697643,10.89823251136773,0.0,85.11917738618887
959,18.335302251481302,10.974976160478281,0.0,86.71591242249589
960,18.989333173808692,10.418124179471404,0.0,83.56693822842594
961,18.59638352945123,10.723676343391432,0.0,84.92953714341255
962,17.971938081059136,10.599116302165518,0.0,82.94710654944379
963,18.533727513043345,11.017206596342978,0.0,91.56737059396379
964,17.830302663277582,10.187561701599579,0.0,82.86229560801466
965,18.603916246483205,10.77971944806,0.0,78.6109484455104
966,19.065431219327753,10.562359878520082,0.0,85.03812255636129
967,18.96779318883465,10.853067411943739,0.0,79.97842108078186
968,17.915863341286684,10.101446490476723,0.0,82.76330040865163
969,18.495469657567757,10.453607340025133,0.0,80.76506151626023
970,18.593774492863435,11.083402555684941,0.0,106.84368152676083
971,18.281364347278622,10.831597496332817,0.0,90.13933214025536
972,18.615049401018815,10.888212752118921,0.0,91.20359431259917
973,19.13001517466463,11.016436079483052,0.0,108.42308953878106
974,18.556874869545503,10.5940688788047,0.0,78.65592346709896
975,18.40502068782182,10.47053137621954,0.0,70.21249961600543
976,18.45513891152493,10.542620888064857,0.0,80.71794372164325
977,19.452783273293793,10.905431083180375,0.0,97.37034131883631
978,18.41920218878982,10.79191312572671,0.0,92.92534709679742
979,19.437047547963445,11.004032497141214,0.0,90.3715133944471
980,18.701962380293406,10.685515290208153,0.0,80.69909800893815
981,18.668887248150114,10.689042683469054,0.0,82.55934895891531
982,18.758581490382152,10.843833597155092,0.0,92.15783218792386
983,18.94764775881454,10.721226354816674,0.0,91.6269890623586
984,18.70924392411676,10.376833993003245,0.0,77.66987776472423
985,18.819551926658605,10.867163784335382,0.0,85.10742412765293
986,18.615435029066997,10.662524337782836,0.0,83.76348403446298
987,18.90822963148593,10.809171264565933,0.0,89.5108020947124
988,18.51519378010238,10.807951093314394,0.0,82.76056728150006
989,18.881196363643486,10.74018231257997,0.0,79.774740791422
990,18.553917278801087,10.486929083086403,0.0,84.19358949406427
991,18.441921302900383,10.911416718542126,0.0,80.1338629488809
992,18.378955724650037,10.6195521829385,0.0,77.16841979795774
993,19.100546309385845,10.536827975974582,0.0,84.81049771914878
994,19.094140794571725,10.487119097343706,0.0,91.72755553614093
995,18.57423931416494,10.161731347919819,0.0,74.59822154656575
996,18.572510874372878,11.109108240113779,0.0,85.15766460801558
997,18.509349627505383,10.56826734595857,0.0,95.23323996730863
998,18.32634020591313,10.78345950567326,0.0,116.48605121834927
999,18.31377551029101,10.342322646173757,0.0,78.13230284593214
1000,18.64775339049906,10.867889638989567,0.0,85.04331045618167
